Aback,ဖာကြဴ,
Abacus,ဂတဵုဂၞန်ပးကြုက်,
Abandon,စ္ဍးအာ,
Abase,သကဵုယုတ်သဝ်စှ်ေ,
Abate,သကဵုယုတ်ဒေက်,
Abattoir,ရုင်ဂစိုတ်,
Abbot,နွံပိုန်,
Abbreviate,ဒမၠေံထောံ,
Abbreviation,နဲဒမၠေံ,
Abdicate,သလထောံနန်,
Abdomen,ဗုင်,
Abduct,လှေံလှန်ကော်ကေတ်ဏာ,
Abet,ကဵုဓတ်ဗ္တိုက်ဖ္အောဝ်,
Abeyance,ပွမပဒေါံပဆုဲထောံ,
Abhor,ဓအိုတ်က္ဍုဟ်,
Abide,ဒၠိ,
Ability,အစောံဇြဟတ်,
Able,မသ္ပမာန်,
Abnormal,အပြောံဟွံသေင်,
Aboard,လ္တူက္ၜင်,
Abode,သ္ၚိ,
Abolish,သကဵုဟဲရးအာ,
Abominate,ဒအိုန်,
Aboriginal,မဆေင်စပ်ကဵုကောန်ဍုင်အရင်အရိုင်,
Aborigines,မၞိဟ်က္ဍတ်ပါ်ဝါတံဒိ ပ္ဍဲကဵုဌာန်ဒေသမွဲမွဲ,
Abortion,ဒဒှ်ကောန်မလီု,
Abound,ဂၠိုင်ဂၠင်,
About,ယာံဗၞတ်,
Above,လ္တူ,
Abrade,တုဟ်သၠောတ်ပ္တိတ်,
Abrasive,မဒရိတ်စအာ,
Abreast,ဗျာင်တုဲပတဝ်,
Abridge,ခမၞန်,
Abridgement,ဗွဲသရုပ်,
Abroad,ပ္ဍဲဍုင်သ္အာင်,
Abrupt,လွာဲ,
Abscess,ဗြိုအ်သရပ္တိုဟ်ဒှ်အပ္ဍဲဖျုန်,
Abscond,ဂြိပ်ဒဴ,
Absence,ဒဒှ်ဟွံတိုန်စိုပ်ကၠုင်,
Absent,မဟွံမွဲ,
Absentce,မၞိဟ်လီုအာသွက်ဂွံတိုန်ကၠုင်,
Absent-minded,မလေပ်ဝိုတ်သတိ,
Absolute,မသ္ဍိုက်ပေင်တဴကဵုအရာအိုတ်သီု,
Absolve,သကဵုအခေါင်ဗၠးတိတ်,
Absorb,ဇြောတ်,
Absorbent,မဇြောတ်ကေတ်မာန်,
Abstain,ဝေင်ပါဲ,
Abstainer,မၞိဟ်ဒေါံပါဲထောံအရက်,
Abstemious,မခၞေံစ,
Abstention,ဒဒှ်မဒၟံင်ဟွံကၠောန်ဟွံသ္ပမွဲသာ်,
Abstinence,လွေင်,
Abstract,မသ္ဂောံတီမံင်ဆအပ္ဍဲစိုတ်,
Abstraction,ဒဒှ်မဗၠးဒၟံင်ကဵုသတိ,
Abstruse,ဂမ္ဘိရ,
Abundance,ဒဒှ်မရိုက်,
Abuse,ပွမရပ်စပ်စသုင်ထောံ,
Abusive,မဒှ်ဟွံစှ်ေကဵုဗဗွဲဓဝ်,
Abut,ဆက်စပ်ဒၟံင်ကဵုတွဵုဒနက်,
Acacia,ကပေါဝ်,
Academic,မဆေင်စပ်ကဵုဘာ ပရေင်ပ္ကတ်ဗ္တောန်ပညာ ကဆံင်သၠုင်ပ္ဍဲဘာတက္ကသဵု,
Academy,ဘာပ္ကတ်ဗ္တောန်ကဵုပညာဗွဲတၟေင် သွက်တန်ကဆံင်သၠုင်,
Accede,စိုတ်တုပ်သၟဟ်ဒုင်တဲ,
Accelerate,အသိင်ဒမြိပ်ဍေံဂၠိုင်တိုန်ကၠုင်,
Accent,ရမျာင်ဂရုလဟု,
Acceptance,ပွမဒုင်တဲ,
Accept,ဒုင်တဲ,
Acceptance,ပွမဒုင်တဲ,
Access,ဂၠံင်လုပ်,
Accession,ပွမတိုန်နန်,
Accessory,မၞိဟ်ပကီုသရာပ်ကၠုင်လဝ်မွဲစွံ,
accident,အန္တရာဲ,
Acclaim,ဒုင်တၠုင်ဂြုဂြုဂြီုဂြီု,
Acclamation,ရမျာင်အထိုင်အသးကြဵုဇာ,
Acclimate,သကဵုဒၟံင်စှ်ေအာအလိုက်ရာသဳဥတု ဒၞာဲဒေသတိဍာ်တၟိ,
Accolade,ဒဒှ်မၜပ္တိုန်ကဵုဒဒှ်ညးခမိဟ်,
Accommodate,ကဵုသၞာဂဇံ,
Accompaniment,သေဟာန်,
Accompany,ဗက်အာမွဲကရောံ,
Accomplice,မၞိဟ်မွဲကသပ်မွဲဂၞန်,
Accomplish,တုဲဒှ်အာ,
Accomplishment,သၟိတ်,
Accord,တင်မတုပ်သၟဟ်လဝ်စိုတ်,
Accordance,ဒဒှ်မတုပ်စိုတ်,
According to,အတိုင်,
Accordingly,လၟေင်လၟေင်,
Accost,ဆက်ဂလာန်,
Account,သောင်ထ္ၜးကဵု,
Accountable,မနွံကဵုတာလျိုင်သွက်ဂွံသောင်တလးထ္ၜး,
Accountancy,ပွမရပ်စရင်,
Accountant,မၞိဟ်ရပ်စရင်,
Accoutrements,ကဝေင်ပၞာန်,
Accredit,ဗလးဏာကလုတ်နကဵုနတဲ မလုပ်ကဵုဗဗွဲဓဝ်,
Accumulate,ကောံကလောံကၠုင်,
Accumulator,ထၟာဲကြိုင်လဝ်ဓတ်ဓာတ်လလဳ,
Accuracy,ဒဒှ်မကိတ်ညာပ်,
Accurate,မဟၟဲကဵုယောင်မှာ,
Accurately,ချိုတ်ချိုတ်ပၠိုတ်ပၠိုတ်,
Accursed,မဒးလေင်ကသဴ,
Accuse,ပ္ကီုစုတ်ဒုဟ်,
Accustom,ဒှ်ဒၟံင်အခိုက်အလိုက်,
M,မအက္ခဝ်အင်္ဂလိက် ဗွဲလၟေင်အက္ခရ်လၟိဟ် ၁၃,
Macadam,ဂၠံင်လးလဝ်တၟံ,
Mace,ပ္ကဴဇာဒိပ္ဖဵု,
Machination,ပွမချပ်ကသပ်ဟွံခိုဟ်,
Machine,ယန်ပကဲ,
Mackerel,ကာရေဝ်,
Mad,တမြံ,
Madam,ဂလာန်ဗြဴဗြဴတံမကော်ခဴစ ညးသ္ကံဗွဲမအဲပရဲ,
Made,ရံင်,
Maelstrom,ဝဲမဇၞော်ကဵုဇြဟတ်,
Magazine,တိုက်လွဟ်,
Magenta,အရံင်သာ်ဆီစာင်,
Maggot,ဂိုတ်,
Magic,မှဝ်,
Magistrate,ဇမၞော်ဂဗုတ်,
Magnanimous,မနွံကဵုစိုတ်သၠဲသၠဲလးလး,
Magnate,ပသဲဒဇက်ပသဲ,
Magnificent,မဇၞော်သၠဲ,
Magnify,ဇၞော်သၠဲပ္တိတ်,
Magniloquent,မကြီုသ္ၜိုန်,
Magnitude,သၞောတ်ဗ္ၜတ်,
Mahout,ဂၟာစိင်,
Maid,သၟတ်ဝုတ်,
Maiden,ဝုတ်ကညာ,
Mail,လိက်မပလံင်နင်နူတိုက်လိက်,
Maim,ဆောတ်ယောင်အာအင်္ဂအဝဲ,
Main,မဒှ်အဓိက,
Maintain,ထိင်ဒက်လဝ်,
Maintenance,ထိင်ဒက်လဝ်,
Maize,သြောံဂန်,
Majesty,ဒဒှ်သၟိင်မဇၞော်ပြဲ,
Major,သာတုဲမဒှ်ကေင်ကာ,
Majority,မၞိဟ်ဂမၠိုင်,
Make,ခၞံ,
Malacca,တ္ကံမလိတ်ကာ,
Maladjustment,ဒဒှ်မဗၠေတ်မှာ,
Maladroit,မသရံင်ဓဂါတ်ဒၟံင်,
Malady,ယဲ,
Malaria,ယဲဇွဟ်,
Malay,ဂကူမလေ,
Male,တြုံ,
Malediction,ကသဴ,
Malefactor,ကောန်ရာဇဝတ်,
Malevolence,ဒဒှ်မနွံကဵုစိုတ်,
Malevolent,မတ္ၚံက်ဍုတ်ဍေဲ,
Malfeasance,ဒဒှ်မနွံကဵုစိုတ် ဟွံဒးစိုတ်ညးတၞဟ်ခိုဟ်စ,
Malevolent,ပွမပ္ကီုပရာပ်သရာံပါပ်,
Malfeasance,ပွမပ္ကီုပရာပ်သရာံပါပ်,
Malformation,ဒဒှ်မဒှ်ဒၟံင်ကဆံင်ဗီုပြင်လီု,
Malice,ဓာတ်စိုတ်ဟွံဒးစိုတ်ညးတၞဟ်ခိုဟ်စ,
Malign,ဟီုပျုတ်ဗ္ဒေက်,
Malignant,မနွံပၟိက်ညံင်သ္ဂောံဂဗဆဵု,
Malinger,ပပၞမံင်စဟွံခိုဟ် ဟိုတ်နူဟွံမိက်ကၠောန်ကမၠောန်,
Mallard,အဒါဂြိုပ်,
Malleable,မကၠောန်ပ္ဍဵုကေတ်ဗီုလောဲ,
Mallet,ခတေက်,
Malnutrition,ဒဒှ်မဟွံဍိုက်ပေင်ကဵုဓာတ်အဟာရ,
Malodorous,မဒှ်သၟူအမြာဲဟွံခိုဟ်,
Malpractice,ပြိတ်,
Malt,သြောံယာမရပ်စပ်စကာ သွက်ဂွံဂွပ်ဂဇပ်ဗဳယျာ,
Maltreat,ဍဵုဍိုက်ပျဲပျာံနဒဒှ်မဟၟဲကဵုသဘဴဓဝ်,
Mammal,သတ်တိရစ္ဆာန်မဴတှ်ယာဲ,
Mammon,ဒဒှ်မရှ်ေသှ်ေသြန်ညံင်ရဴကျာ်,
Man,တြုံ,
Manacle,ဂါတဲဂါဇိုင်,
Manage,အုပ်ဓုပ်,
Mandate,အသံနူကဆံင်လ္တူ,
Mandolin,ကွိင်ကွိုက်ထၞမွဲဂကူ,
Mane,တသော်ကံ,
Mange,ယဲကသံက်မဒှ်လ္တူဇကုကၠဵုဗ္ဂဲ,
Manger,စင်ချောဲဂၠဴ,
Mangle,စက်ဝတ်ဍာ်ဂၠိက်ယာတ်,
Mango,ကြုက်,
Mangosteen,မင်ဂုတ်,
Mangrove,တၞံလမု,
Mania,ဒဒှ်မကြံကြဴ,
Manicure,ဒဒှ်မလေပ်ဖျေံဖျောန်သၞေံတဲ,
Manifest,စဳကၠး,
Manifold,မကမွဲပြကာ,
Manipulate,ရပ်စပ်နကဵု နဲကဲဍိုဟ်ဍိုဟ်ကေက်ကေက်,
Mankind,ရံင်,
Manner,ခိုက်,
Maneuver,မဟာဗျူဟ,
Manor,ကၠံသ္ၚိတၠတိ,
Mansion,သ္ၚိဇၞော်,
Mantle,ဖဍဳ,
Manual,မသ္ဒးကၠောန်နကဵုတဲ,
Manufacture,ကၠောန်ပ္တိတ်ဗွဲမဂၠိုင်,
Manumit,သကဵုအခေါင်ဗၠးၜးအာနူဘဝဍိက်,
Manure,ကၞေံသတ်တိရစ္ဆာန်,
Manuscript,တံလိက်ချူလဝ်နကဵုတဲ,
Many,အနေက,
Map,ဗီုတိ,
Mar,သကဵုဒှ်ဗွဲအန္တရာဲထကးဂိ,
Marathon,ပေါဲပြိုင်ဂြိပ်တရဴဇမ္ၚောဲ,
Marauder,မၞိဟ်လုပ်တ္ၚီုဗ္တိုက်,
Marble,တၟံထ္ၜိုဟ်ဍာ်,
March,ဂိတုမာတ်,
Mare,ချေံၝောံ,
Margarine,ကၠေင်ပၠုဲမဂွံနူသတ်ဆု,
Margin,ဒၞာဲသၠးပ္ဍဲဒရီု,
Marian plum,မြာင်,
Marine,မဆေင်စပ်ကဵုဝင်,
Marionette,ရုပ်ကောန်ရုပ်,
Marital,မဆေင်စပ်ကဵုသ္ၚိဌာန်,
Maritime,မဆေင်စပ်ကဵုဝင်,
Mark,ဍာပ်,
Market,ဖျာ,
Marriage,ရံင်,
Marrow,ကၠေင်တ္ၜဝ်,
Marry,အဝါဟ,
Mars,ဂြိုဟ်အ္ၚာ,
Marsh,ဇီု,
Marsh date,ၜဝ်ကလှုန်,
Marshal,ဂအုပ်ဗီုဇၞော်,
Marsupial,သတ်ဂကူသတ်လေင်ကောန်ပ္ဍဲဗုင်,
Martial,မဆေင်စပ်ကဵုပၞာန်,
Martinet,မၞိဟ်ဂရတ်စေဝ်ပၞောန်,
Martyr,သ္ဂံင်အာဇနဲ,
Marvel,အရာမသကဵုမိပ်စိုတ်ဒှ်အံသဝ်ဗွဲတၟေင်,
Mascot,ဂဇံ,
Masculine,မဆေင်စပ်ကဵုတၟက်တၟက်တံ,
Mash,စၞသတ်တိရစ္ဆာန်,
Mask,ဂရောပ်ဂြောပ်မုက်,
Mason,သၟာကမၠောန်ကၠောန်ပရန်,
Masque,ဇာတ်လှ်ေ,
Masquerade,ပေါဲလှ်ေသ္ဒးပလီုလဝ်ရုပ် သ္ဒးစုတ်လဝ်ဂရောပ်မုက်,
Mass,ဂအုံ,
Massacre,ဒဒှ်မဂစိုတ်ထောံမၞိဟ်သီုသ္ကံ နကဵုစိုတ်ဓဇန်ဓဇန်,
Massage,ဒဒှ်မပတ်ချိုန်,
Masseur,အ္စာကဝတ်,
Masseuse,အ္စာကဝတ်ဗြဴ,
Massif,ဒဵုဒုတ်ဇၞော်သၠုင်,
Massive,မနွံကဵုဒုဇၞော်ဒုတ်ဗွဲမခိုင်ကၠိုက်,
Mast,တိုင်ယာ,
Master,အ္စာ,
Masticate,ဇ္ၚာဲ,
Mat,ထကဝ်,
Match,ပေါဲပြိုင်ပ္ကာန်ဝေင်နကဵုဇြဟတ်,
Match-box,တလာ,
Mate,မၞိဟ်ကၠောန်ကမၠောန်မွဲစွံ,
Material,ကပေါတ်ကညောတ်,
Maternal,မဆေင်စပ်ကဵုမိ,
Maternity,ဘဝမိ,
Mathematics,သင်္ချာ,
Matriculate,သကဵုအခေါင်လုပ်ဘာတက္ကသဵု,
Matrimony,ဒဒှ်မသ္ပကာဝါမ္ၚဵု,
Matron,အ္စာၝောံဇမၞော်မိမိန်,
Matter,ကပေါတ်မနွံကဵုဒပ်ရုပ်,
Mattock,ကွဵုဇၜံက်,
Mattress,ဒၞာဲဒၟံင်သ္တိက်,
Mature,ကြံင်ဍုဟ်ကၠုင်,
Maudlin,မနွံကဵုစိုတ်ၜတ်တကတ်,
Maul,သကဵုဒးဝပ်သ္ကာတ်သ္ကာတ်မြဟ်မြဟ်,
Mausoleum,လွဳမာန်ဂိုဟ်သုသာန်ဇၞော်ဒုတ်,
Maw,သကဵုဒးဝပ်သ္ကာတ်သ္ကာတ်မြဟ်မြဟ်,
Maxim,နဳတိ,
Maximum,ဒဒှ်မဂၠိုင်အိုတ်,
May,ဂိတုမေ,
May,နွံဒၟံင်ကဆံင် သွက်ဂွံဒှ်,
Mayor,သ္ကိုပ်ဇမၞော်ဍုင်,
Maze,ဝင်ဂပဝ်,
Me,သွက်အဲ,
Meadow,ဂၠးချောဲ,
Meagre,မဒှ်ညိည,
Meal,အခိင်စစၞ,
Meal,စၞစ,
Mean,ရန်တၟံ,
Mean,မဒှ်ဗီုပြင်ဒိုက်ဂတ်,
Mean,ကဆံင်အဒေါဝ်,
Meander,ဂေတ်ဂ္ၚေင်အာကၠုင်အတေံအဏံ,
Means,နဲကဲ,
Meant,ရံင်,
Meantime,ပ္ဍဲကဵုအဃောဂှ်,
Measles,ယဲမှုက်,
Measure,ဗၞဟ်ဗ္ၜတ်,
Measurement,သၞောတ်ဗ္ၜတ်,
Meat,ဖျုန်,
Mechanic,မၞိဟ်ပလေဝ်စက်,
Medal,တဆိပ်လာပ်,
Meddle,လုပ်လှံက်,
Media,ရံင်,
Medieval,မဆေင်စပ်ကဵုခေတ်အဒေါဝ်,
Median,မတန်တဴဒၟံင်ဒၞာဲအဒေါဝ်,
Mediate,ဇၞော်ပၟဝ်,
Medic,ကွးဘာတက္ကသဵုကွဂဥုဲ,
Medical,မဆေင်စပ်ကဵုကွတ်ဂဥုဲ,
Medicament,ဂဥုဲဇဗ,
Medicate,စုတ်ဂဥုဲ,
Medium,ဒဒှ်မဒှ်တိုင်ဒၞာဲလှာဲဂတး,
Meek,မဍိုန်ဍောတ်ဇိပ်ဂၠိပ်,
Meet,ဆဵုဂဗ,
Megaphone,ပၠံင်သၠဲရမျာင်,
Melancholy,ဒဒှ်မအောန်စိုတ်ဂၠိုက်သ္ၚောံ,
Melee,ဒဒှ်မဒှ်ရုသံင်,
Mellow,မစိုပ်ကဆံင်ဍုဟ်တုဲ သီုမဍိုက်ပေင်တဴကဵုသၟူအမြာဲရှ်ဘှ်,
Melody,ရမျာင်ဒွက်သာသာယာယာ,
Melodious,မနွံကဆံင်ၜိုဟ်ၜိုဟ်သြိုဟ်သြိုဟ် သာသာယာယာ,
Melon,ပညောန်,
Melt,သကဵုဍိုန်ဍောတ်,
Member,ကောန်ဂကောံ,
Membrane,စၞာံပရဳ,
Memento,ကပေါတ်သွက်ဂွံဒှ်စၟတ်သမ္တီ,
Memoir,လိက်ဝင်ဇကုဇကုမချူခၞံ,
Memory,ဒဒှ်မသမ္တီဒး,
Memorable,မဝိုတ်ဟွံမာန်,
Memorandum,လိက်စၟတ်သမ္တီသွက်ဂွံရပ်စပ်အာလၟိုန်ကာလ,
Memorial,ပွမသ္ပဒဒှ်မွဲမွဲညံၚ်ရဴညးဂမၠိုင်သ္ဂောံတီ,
Men,ရံင်,
Menace,ပွမဘပလ,
Menageric,ဂကောံသတ်တိရစ္ဆာန်အရိုင် မကြိုင်လဝ်သွက်ဂွံထ္ၜးစ  ပ္ဍဲပေါဲထ္ၜးပျး,
Mend,ဗၠံ,
Mendacious,မဟၟဲကဵုသစ္စ,
Mendicant,မၞိဟ်အာတ်စ,
Menial,မဒးရးကဵုဍိက်,
Menses,ဆီသ္ၚိပၟတ်,
Menstrual,မဆေင်စပ်ကဵုယဲသ္ၚိပၟတ်,
Mental,စေတသိက်,
Menthol,ပရုတ်,
Mention,စၞောန်ဏာ,
Mentor,အ္စာမစၞောန်ထ္ၜးကဵု အခိင်အခါ,
Menu,စရင်သွအမာဲ,
Mercantile,မဆေင်စပ်ကဵုပရေင်သွံရာန်ဗၞိက်,
Mercenary,မကၠောန်ရန်တၟံလဝ်သွက်သ္ဂောံဂွံလာပ်,
Merchandise,ကပေါတ်ဗၞိက်,
Merchant,ညးဗၞိက်,
Mercury,ဗဒါ,
Mercy,ဒဒှ်မဆာန်ဍူ,
Mere,ဆဂှ်,
Meretricious,မကြုဲခၞိက်ထဝ်ဗွဲလ္တူ,
Merge,သကဵုပံင်ကောံ,
Meridian,တ္ၚဲတဴဓတ်,
Merit,ကုသဵု,
Mermaid,ကဗံင်ဗှ်ၝောံ,
Merman,ကဗံင်ဗှ်ၝောံ,
Merry,မမိဇြိပ်,
Mesh,အင်,
Mesmerism,ပွမတံင်ကေတ်စိုတ် နကဵုနဲကဲဒဇက်ဇျဲကေတ်,
Mess,အထုဲအထံင်,
Mess,ပေါဲကောံဓရီုစသုင်,
Message,ဂကန်ဖျန်,
Met,ရံင်,
Metal,ဖကောဝ်,
Metallurgy,ကွတ်ပညာကဵုကွတ်စက်ကွတ်တဲလ္ပာ် ရတ်ဖကောဝ်တိတ်နူတိ,
Metamorphose,ပၠေင်ရုပ်,
Metamorphosis,ပွမပြံင်လှာဲအာရုပ်,
Metaphor,ဒဒှ်မရပ်စပ်စကာဝေါဟာသွက်ဂွံဓမံက်ထ္ၜး,
Metatarsal,မဆေင်စပ်ကဵုဇုတ် ကောန်ဇိုင်ပ္ဍဲဂတာဇိုင်,
Mete,ပါ်ကဵုအရံင်,
Meteor,သၞံင်ဂြုဲ,
Meteorite,ကၞာတ်သၞံင်ဂြုဲမစိုပ်ကၠုင်လ္တူမုက်ဂၠးတိ,
Meteorology,ကွတ်မလ္ၚတ်ဗြဲကျာ,
Meteorologist,တၠပညာမကတ်လ္ၚတ်ကွတ်ဗြဲကျာ,
Meter,ဇွောံၜတ်ဇမၠိင်,
Methane,ဓာတ်မဳသိန်,
Methinks,ထေင်ကေတ်,
Method,နဲကဲသွက်ဂွံကၠောန်,
Meths,ဝေါဟာဒမၠေံသွက်သိအရက်မဳသာဲ,
Methyl,အရက်မွဲဂကူ,
Meticulous,မသ္ပအရီုစိုတ်ချိုတ်ချိုတ်ပၠိုတ်ပၠိုတ်,
Meter,ဇမၠိင်သၜတ်ပ္ဍဲသၞောတ်မိတ်ထရေတ်,
Metric,မဆေင်စပ်ကဵုမဳတာ,
Metrical,မဆေင်စပ်ကဵုသၜတ်မၜတ် နကဵုနဲကဲမိတ်ထရေတ်,
Metrication,ဒဒှ်မသကဵုပြံင်လှာဲအာ သၞောတ်မိတ်ထရေတ်,
Metro,သၞောတ်ဂၠံင်ကွဳပၟတ်အသၟဝ်တိ ပ္ဍဲဍုင်ဇၞော်လ္ၚဵုလ္ၚဵု,
Metropolis,ဍုင်ဇၞော်ပ္ဍဲကဵုရးမွဲမွဲ,
Metropolitan,မဆေင်စပ်ကဵုဍုင်ဇၞော်,
Mettle,အစောံစရာဲ,
Mew,ရမျာင်ဗ္ဂဲ,
Mews,ဂၠံင်မနွံဒၟံင်လက်ကရဴဂၠံင်အရာပ်အာကၠုင်,
Mezzanine,ထပ်သ္ၚိမနွံအကြာထဝ်သၟဝ်တိကဵုထပ်မွဲ,
Mica,ဒ္ၚောဝ်သဘာဝ,
Mickey,ဒဒှ်ပွမသ္ပအရိုင်,
Micro,အရာမဍောတ်သွတ် နကဵုမတ်သ္ဂောံဆဵုညာတ်ဟွံလောဲ,
Microbe,စၟစၟောန်သောဲသောဲဗြဲဗြဲမဆဵုညာတ်မာန် နကဵုအရီုအဗင်ပၠံင်ဒ္ၚောဝ်ဇၞော်မရုပ်,
Microbiology,ပွမလ္ၚတ်သတ်နွံကဵုလမျီု သောဲသောဲဗြဲဗြဲဟွံညာတ်နကဵုမတ်,
Microchip,ဂတှ်ေမရပ်စပ်ပ္ဍဲအရာမသ္ဍိုက်ဗပေင်ကဵု ဓာတ်လလဳဂေတ်ကၠောံအာ,
Microcomputer,ကဵုဗျူဟာမဒေပ်လဝ်မာန် အရာသောဲသောဲဗြဲဗြဲ,
Microfilm,ဝှေမ်သွက်ဂွံပ္တိုန်စၟတ်သမ္တီသောဲသောဲဗြဲဗြဲဂွံထ္ၜးသက်သဳ,
Micrometer,ကရိယာသွက်ဂွံၜတ်ကၞာတ် အရာပ်သောဲသောဲဗြဲဗြဲ,
Micron,ဗၜတ်ဇမၠိင်မနွံ မွဲပြကောဋိကိုတ်ဂအုံ မွဲဂအုံမဳတာ,
Micro-organism,သတ်မနွံကဵုလမျီုမသောဲဗြဴတဴဗွဲမလောန် သ္ဂောံညာတ်ဆဵုမာန်သၟဝ်ပၠံင်ဒ္ၚောဝ်ဇမၞော်ရုပ်,
Microphone,ကရိယာမပြံင်လှာဲကဵုလပှ်ရမျာင် နကဵုဓတ်ဇၟောဝ်ဓာတ်လလဳ,
Microscope,ပၠံင်ဒ္ၚောဝ်ဇၞော်ပ္တိုန်ရုပ်,
Microwave,လပှ်ဇွိုန်မနွံဇမၠိင်ဂၠေံတဴ ဗွဲမလောန်,
Mid,မဒှ်အဒေါဝ်,
Prep,ပ္ဍဲအကြာ,
Midday,ဒေါဝ်တ္ၚဲ,
Midden,ဂအုံအမှိက်,
Middle,အဒေါဝ်,
Middle action,ကြိယင်မဇျီု,
Middle finger,ဣဒေါဝ်,
The middle of the night,ထဍဲဗ္တံ,
Middle school,ဘာတန်ဒေါဝ်,
Middleweight,မၞိဟ်စာဲလက်ပၠုဲ မနွံလယိုင်ဇကုအကြာဒေါဝ်,
Middling,မဒှ်အဇာအဒေါဝ်,
Midge,စၟဗီုပၠာမွဲဂကူ,
Midget,မၞိဟ်သောဲသောဲ,
Midland,တိဍာ်ဒေသအဒေါဝ်ရး,
Midnight,သ္ဂာတ္ၚဲ,
Midriff,ဂၞဴ,
Midshipman,သၞာဲဒဴပၞာန်ဍာ်ကဆံင်သဝ်နူဒုဗိုလ်,
Midship,အပ္ဍဲကဵုကၞဳလးလဝ်လ္တူဗုင်က္ၜင်ဗုင်ဂၠုင်,
Amidships,အပ္ဍဲကဵုကၞဳလးလဝ်လ္တူဗုင်က္ၜင်ဗုင်ဂၠုင်,
Midst,ဒကုတ်အဒေါဝ်,
Midstream,အဒေါဝ်က္ၜဳ,
Midsummer,အဒေါဝ်ဥတုကညင်,
Midway,မနွံပ္ဍဲဘာ်တရဴ,
Midweek,အဒေါဝ်ပ္ဍဲဂွေင်မဲအဒိုတ်,
Midwife,ဣမိ,
might,အနုဘဴ,
mighty,မနွံကဵုအဝဵုဍိုက်ဍိုက်ပေင်ပေင်,
migraine,ဒဒှ်မသ္ဂောံယဲက္ဍိုပ်ဂိမွဲကရေက်မွဲလ္ပာ်,
migrant,မၞိဟ်ပြံင်ဆုဲအာဖျေံသ္ဇိုင်ဒၞာဲဝါ ပ္ဍဲဌာန်ဒေသသတၞဟ်သ္အာင်,
migrate,ပြံင်ဆုဲအာဖျေံသ္ဇိုင်နူကဵုဒၞာဲမွဲအပ္ဍဲကဵုဒၞာဲတၞဟ်သ္အာင်မွဲ,
migratory,မနွံကဵုသဘဴမဆုဲ ပြံင်သၠာဲဒၞာဲဝါဒၞာဲမံၚ်,
mike,တဝ်ဗြုရမျာင်,
milch,မလွဳ,
mild,မဍိုန်,
mildly,နဒဒှ်မဟွံသ္ကာတ်,
mildness,ဒဒှ်မဟွံသ္ကာတ်,
mildew,ဒဒှ်ပ္တိုဟ်တိုန်,
mile,ဇမ္ၚောဲတရဴမွဲတိုင်,
mileage,ခရာမစိုပ်အာနကဵုဗ္ၜတ်တိုင်,
milepost,တိုင်သမ္တီတိုင်,
milestone,တိုင်တၟံ,
militant,မဗ္တိုက်,
military,မဗ္တိုက်,
militarism,ဝါဒပၞာန်,
militarist,မၞိဟ်ထံက်ဂလာန်ကဵုပၞာန်,
military camp,ဗ္ဒိုပ်ပၞာန်,
militia,ဒဒှ်မပ္ကတ်ပ္ကေင်စန်ဒက်လဝ် ကောန်ညးဍုင်ကွာန်နအတိုင်နဲကဲပရေင်ပၞာန်,
milk,ဍာ်တှ်,
milkmaid,မၞိဟ်ဗြဴပလံင်ဍာ်တှ်,
milkman,မၞိဟ်တြုံပလံင်ဍာ်တှ်,
milky,မနွံအရံင်ညံင်ရဴသာ်ဍာ်တှ်,
mill,စက်ဗုတ်ခၞိက်ဂျုင်,
miller,တၠစက်,
rice mill,စက်ဗုတ်သ္ၚု,
millstone,တၟံဗဝုတ်,
millepede,ကင်ကဳ,
millet,လ္ၚဴ,
million,ပြကောတိကိုဋ်,
millionaire,သေဌဳသိုက်ဘိုက်ကဵုပြကောကိုဋ်,
mimic,မပတုပ်ဗက်,
mimicry,ဒဒှ်မပတုပ်ဗက်,
mince,ဂဇဳ,
mind,ကောန်စိုတ်,
mindness,ဒဒှ်မဟွံသ္ပကေင်ကာ,
mindful,မစွံအရီု,
mine,ကတိုင်ခါဲဂၠာဲကပေါတ်ရတ်တိ,
miner,ခါဲရတ်တိ,
mineral,ကပေါတ်သဘာဝ မဂွံနူကတိုင်ရတ်တိ,
mineralogy,ကွတ်လ္ၚတ်မဆေင်စပ်ကဵု ကပေါတ်သဘာဝ,
mineralogist,ကွးဘာမကတ်လ္ၚတ်ကွတ် မဆေင်စပ်ကဵုကပေါတ်ရတ်တိ,
mingle,ခလဴ,
mingle with the guests,နှဴရဴဒၟံင်ကဵုတၟုဲ,
mingy,မဟၟဲကဵုစိုတ်တရးဂစာဲ,
mini,မဆေင်စပ်ကဵုဇၞော်ဍောတ်,
miniature,ဒဒှ်မဒဇက်ချူကသူ ဗီုသွတ်သွတ်နကဵုဂဥုဲ,
minimal,မနွံလၟိဟ်အောန်အိုတ်,
minimize,ဖျံဖျေံ,
minimum,နွံအောန်အိုတ်,
mining,နဲကဲသွက်ဂွံဂၠာဲရတ်တိ,
minister,ဝန်ဇၞော်,
ministerial,မဆေင်စပ်ကဵုဝန်ဇၞော်ရး,
ministrant,မသ္ကိုပ်သ္က,
ministration,ပွမယိုက်ဂၠေင်ယဵုဒုင်,
ministry,ဌာနဝန်ဇၞော်,
mink,ဖေင်သသော်သတ်,
minnow,ကောန်ကသောဲသောဲ မဒီုပ္ဍဲဍာ်ပတေက်မွဲဂကူ,
minor,မအောန်,
minority,ကဆံင်မၞိဟ်မၞုံအယုက်ဟွံပေင်ဏီ,
minster,ဘာလ္ၚောဝ်ကျာ်ခရေတ်မဇၞော်ဒုတ်,
mint,ဝါင်,
minuend,ကိုန်တန်သွက်ဂွံနုက်,
minus,မဒှ်လက်သန်သွက်ဂွံနုက်,
minuscule,မသောဲဗြဲ,
minute,အခိင်ခရာ တြဴစှော်ဂအုံမွဲနာဍဳ,
minute,မသောဲဗြဲဗွဲ,
minutia,ဒဒှ်မချိုတ်ပၠိုတ်,
minx,သၟတ်ဗြဴမနွံကဵုစိုတ်ရိုင်ဇိုင်ရုန်မဵု,
miracle,နိမိတ်,
miraculous,မတၟေင်တၟဟ်,
miraculous birth,သြပပါတိကဇ,
mirage,ဒဒှ်မဖျိုပ်ကဵုဖဵုဂုန်,
the mirage misleads men,တဟင်ဒြာဲလှန်ၜတ်လဝ်ဇန်ဂမၠိုင်,
mire,ဒၞာဲလၟက်ခရီု,
miry,မတၟုဲဒၟံင်ကဵုခရီု,
mirror,ဒဒ္ၚောဝ်,
mirth,ဒဒှ်မဒံင်ထလာ်မိပ်ဇြိပ်ဂြိုင်ခအှ်ေဒၟံင်,
mirthful,မဒှ်သွက်ဂွံဂြိုင်စခိုဟ်,
miscarriage,ဒဒှ်မယောင်မှာရာအာ ပ္ဍဲအရာဖျေံသ္ဂုတ်သွာတ် ပ္ဍဲအရာမဖျေံဒုဟ်ဒန်,
miscarry,ကျအာ,
miscegenation,ဒဒှ်ဆီမနှဴရဴအာ မၞိဟ်မွဲဂကူကဵုမွဲဂကူ,
miscellaneous,မဒှ်ဒၟံင်ကဆံၚ်သၞဴသၞဴရဴရဴ,
miscellany,လိက်မဍိုက်ပေင်ကဵုပရောပရာနာနာသာ်,
mischance,ဒဒှ်ကံကုသဵုဟွံခိုဟ်,
mischief,ဒဒှ်သ္ပပွညံင်ရဴဂွံဂိက္တာန်အာ,
mischief-maker,မၞိဟ်ဗျဵုဗျံက်ညး,
mischievous,မလေပ်ကဵုဒဒိုက်ညး,
misconceive,လညာတ်ဗၠေတ်,
misconception,ဒဒှ်မနွံကဵုလညာတ်ဗၠေတ်,
misconduct,ဒ္ဂေတ်ပဋိပတ်မဖံက်ပၠန်ယောင်မှာ,
misconstruction,ပွမကံက်ကေတ်အဓိပ္ပါယ် ယောင်ယောင်မှာမှာ,
misconstrue,ကံက်ကေတ်အဓိပ္ပါယ်ဗၠေတ်အာ,
miscreant,မၞိဟ်ပရံ,
misdate,သကဵုတ္ၚဲဗြဲ ဟိုတ်အရာဒဒှ်ဂှ်မှာရာအာ,
misdeal,ပရံဖေဝ်ဗၠေတ်အာ,
misdeed,ဒဒှ်မပ္တုဲသရာံပါပ်,
misdemeanor,ဒဒှ်မပ္ကီုပရာပ်ဒုဟ်တင် သောဲသောဲဗြဲဗြဲ,
miser,မၞိဟ်ဂအေတ်စေံပေါတ်,
miserly,မလေပ်ဂအေတ်စေံပေါတ်,
miserable,မက္တဵုဒှ်ဟွံမိပ်ပ္ဍဲစိုတ်ဗွဲမလောန်,
miserably,နဒဒှ်မနွံကဵုဒဒိုက်စိုတ်ဗွဲမလောန်,
misery,ဒဒှ်မသ္ဒးဒုင်စသိုင်ဒုက္ခဝေဒနာ,
misfire,ကံဟွံတိတ်,
misfit,ဗွိုက်လ္တက်မဟွံကိတ်မဟွံဒးရးကဵုဇကု,
misfortune,ဒဒှ်ကံကုသဵုဟွံခိုဟ်,
misgive,ဒှ်သၠေဟ်ပၟာ,
misgiving,သၠေဟ်ပၟာ,
misguided,မဗက်ဒးလက်ကရဴညးမအာက္ဍိုပ် ဗၠေတ်မှာယောင်ယာ,
mishap,ဒဒှ်မဒှ်ဟွံဒှ်မွဲလှ်ေ,
mislay,စွံဒးဒၞာဲဗၠေတ်,
mislead,ကၞိက်ကၟုန်,
misnomer,ဒဒှ်မရပ်စပ်ဒးဝေါဟာဗၠေတ်ဗၠေတ်,
misplace,စွံဒးဒၞာဲဗၠေတ်အာ,
misprint,ပ္ဍဵုတက်ဒးဗၠေတ်အာ,
misquote,ကဵုဒးသာဓကဗၠေတ်အာ,
misrule,ဒဒှ်အအုပ်အဓုပ်ပရေံ,
miss,ကလိင်,
miss,ဂွံသတိဗှ်သနာ ဟိုတ်နူသ္ဒးသာဲခြာ,
missing,မကၠေံဒၟံင်,
miss the mark,မှာ,
misshapen,မလီုဗီုပြင်,
missile,အရာမပန်ဗလးဏာပ္ဍဲကျာ,
mission,ဂကောံညးစၞး,
missionary,ပူဂဵုပ္တန်သာသနာ,
mission house,သ္ၚိသာသနာ,
mission school,ဘာသာသနာ,
mist,လမၠာင်,
misty,မဂၠုဓလီုဒၟံင်ကဵုလမၠာင်,
mistake,ဒဒှ်မဗၠေတ်,
mistaken,မယောင်ယာ,
mistletoe,တၞံကောန်ကၠင်,
mistook,ဒဒှ်မဗၠေတ်,
mistress,သမ္ဘာ,
mistrust,ဒှ်သၠေဟ်ပၟာ,
mistrustful,မဟွံပတှ်ေစ,
misunderstand,ကံက်အဓိပ္ပါယ်ဗၠေတ်,
misuse,ဖၠိုပ်,
the misuse of power,မရပ်စပ်အဝဵုဟွံဒးကဵုဒၞာဲ,
mitigate,သကဵုဂိသက်သာတိုန်,
mix,ဖနှဴ,
mixture,ဒဒှ်မဖက်ပနှဴ,
mix,တ္ၜန်တ္ၜောဲ,
moan,ဒဒှ်ကရောတ်တသဝ်,
moat,ခၜိုင်,
mob,သ္ကံဂကောံမၞိဟ်မဒှ်ဒၟံင်ရုသံင်,
mobile,မပဆုဲပြံင်ဂွံဗွဲမလောဲသွာ,
mobility,ဒဒှ်မဆုဲပြံင်ဏာမာန်,
mobilize,ကောဓရီု,
mobilization,ပစရဵု,
mobilize an army,သနးပၞာန်,
mock,သ္ပပရေံ,
mockingly,နဒဒှ်မသ္ပအရိုင်,
mockery,ဒဒှ်မရပ်ဂြိုင်,
mode,ဗီုကၠောန်,
model,ဗီုပြင်,
moderate,မဟွံစိုပ်တၞုင်တၞောတ်,
moderately,ဗွဲမဒးရး,
moderation,ဒဒှ်မဟွံစိုပ်တၞုင်တၞောတ်,
modern,မဒှ်ကဆံင်တ္ၚဲဏံ,
modest,မဖျဝ်က္ၜံင်,
modestly,နဒဒှ်ဗွဲမစင်ခြင်,
modesty,ဒဒှ်မနွံကဵုအစင်အခြင်,
modicum,လၟိဟ်ဒးဒးရးရး,
modify,ပြုပြေင်ပြံင်လှာဲ,
modification,ဒဒှ်မပြံင်လှာဲ,
modulate,ပြံင်လှာဲကဵုဒၞာဲရမျာင်တိုန်စှ်ေ,
mogul,သေဌဳမသိုက်တိုက် လောန်လောန်ကာဲကာဲ,
Mohammedan,ဂလာပသဳ,
moist,မသအိုပ်ဒၟံင်,
moisten,ဍေက်သအိုပ်,
moisture,ဒဒှ်မသအိုပ်ဒၟံင်,
moke,ချး,
molar,ၚေက်အၚာပ်,
molasses,တင်လာဲ,
mole,အိက်ရုဲ,
molecule,ဒပ်သ္အးမတန်တဴဒၟံင်မနွံကဵုကဵုသတ္တိဍေံဟွံလီုလာ် ပမာဏဍောတ်အိုတ်,
moles molest,မကဵုဒဒိုက်,
mollify,သၠေံသၠန်,
mollusk,ကၞုကမာ,
mollycoddle,ဗက်အလိုက်,
moment,ချိုန်ခဏ,
momentary,မဂၠိင်သ္ၚောဲအာမွဲချိုန်ခဏ,
momentous,မဇၞော်ကဵုပၟိက်,
momentum,အသိင်,
Mon,မန်,
Monish,မဆေင်စပ်ကဵုကောန်ဂကူမန်,
Monland,ကောန်ရးမည,
Monarch,ဨကရာဇ်,
Monarchist,မၞိဟ်မနွံကဵုသၞောဝ်သၞောတ်မရာဇ်,
Monarchy,သၞောဝ်သၞောတ်မအုပ်လဒံ မအုပ်ဓုပ်နကဵုအသံဨကရာဇ်,
Monastery,ဘာလကျာ်,
Monastic,မဆေင်စပ်ကဵုဘာလကျာ်,
Monday,တ္ၚဲစန်,
Money,သြန်,
Monetary,မဆေင်စပ်ကဵုပရေင်သၠုဲသၠာ်,
Monger,သၟာဗၞိက်,
Mongoose,ဂနေဟ်ဇာတ်,
Monitor,ကွးဘာအ္စာမကဵုလဝ်တာလျိုင်ပ္ဍဲတန်,
Monitoring,ဒဒှ်မရပ်ကေတ်ရမျာင်နူကဵုရုင်ဗလးရမျာင်ဍုင်သ္အာင်,
Monk,လကျာ်,
Monkish,မဆေင်စပ်ကဵုလကျာ်,
Monk’s bowl,ဗဗေင်,
Monk’s garments,သ္ၚာပံသကူ,
Monkish robes,ယာတ်လၟာတ်သ္ၚာ,
Monkey,ကၞုဲ,
Mono,မလိက်မဖျပ်စုတ်ဂတဝေါဟာမွဲမွဲ မဂွံအဓိပ္ပါယ်ဍေံမွဲမွဲဇကု,
Monocle,ဒ္ၚောဝ်မတ်သွက်မတ်မွဲဒိုဟ်ဓဝ်,
Monogamy,သၞောတ်သၞောဝ်မံၚ်ဗြဴမွဲတြုံမွဲ,
Monogram,ဒဒှ်မပံင်ချူလဝ်မလိက်ၜါမ ဟွံသေင်ဂၠိုင်နူကဵုၜါမ,
Monolith,ဒဒှ်မနွံညံင်ရဴတၟံတိုင်မွဲဓဝ်,
Monolithic,မကောံကလောံဗိုန်ဇၟံညံင်ရဴတၟံတိုင်,
Monologue,အခန်ကဏ္ဍညးမွဲဓဝ် မဟီုဂလာန်ပ္ဍဲဇာတ်ပၠ,
Monopoly,ဒဒှ်မအုပ်ဓလီုကေတ်လဝ်,
Monopolist,ညးတၠတံရိုဟ်တံ မအုပ်ဓလီုလဝ်ပရေင်သွံရာန်,
Monosyllable,မလိက်တိတ်ရမျာင်မွဲ,
Monosyllabic,မဆေင်စပ်ကဵုပွမတိတ်ရမျာင်မွဲ,
Monotheism,ဒဒှ်မတှ်ေကေတ်လဝ်ကျာ်နွံမွဲဇကုဓဝ်,
Monotone,ဒဒှ်ရမျာင်မတိတ်မွဲပၠိုဟ်ဓဝ် မဟၟဲကဵုသၠုင်သဝ်,
Monotonous,မဒှ်အကာဲအရာမလ္ၚုလ္ၚန်,
Monotony,ဒဒှ်မဟၟဲကဵုအပြံင်အလှာဲ,
Monsoon,ကျာဒိုဟ်နေရတိ,
Monster,လကိုဟ်,
Monstrosity,ဒဒှ်မဓဇန်ကြံကြ,
Monstrous,မနွံကဵုဗီုပြင်လီုလီုလာ်လာ်,
Month,ဂိတု,
Monthly,မဒှ်ရိုဟ်ရိုဟ်ဂိတု,
Monthly salary,သြန်ဂိတု,
Monument,ရုပ်တၟံသွက်ဂွံစၟတ်သမ္တီ,
Monumental,မတန်ကုၚုဟ်မးလၟိုန်,
Moo,ရမျာင်ဂၠဴလရိုဟ်,
Mood,ဓာတ်စိုတ်,
Moon,စန္ဒ,
Moor,ဖျေံတၟံ,
Moorings,ဇုက်ဂြင်တၟံ,
Mop,လေံမဒက်စုတ်လဝ်ယာတ်သၟာ်ပ္ဍဲတၞုင်ဍေံ သွက်ဂွံဇိုတ်ကၞဳသ္ၚိ,
Mope,ဓာတ်စိုတ်စှ်ေ,
Moped,ကွဳလိုန်စုတ်ဗ္ဂပ်လဝ်စက်,
Moraine,တၟံကြေဟ်မသှ်ေတ္ၜက်ဒၟံင် အခါက္ၜဳဍာ်ကလောံ ဇွောဝ်စှ်ေအာတုဲ,
Moral,မဆေင်စပ်ကဵုဒ္ဂေတ်ပဋိပတ်,
Morality,ဒ္ဂေတ်ပဋိပတ်,
Morally,နဒဒှ်မခိုဟ်ပ္ဍဲဒ္ဂေတ်,
Moral practice,သဳလ,
Moral precepts,သဳလ,
Morale,ဒဒှ်မနွံကဵုဓဝ်ပတှ်ေ,
Morass,လၟက်ခရီု,
Moratorium,ပွမပဆုဲထောံသွက်သ္ဒးလေဲဂတှ်,
Morbid,မနွံကဵုယဲ,
Morbidly,နဒဒှ်မကၠိပဝ်ပ္ဍဲစိုတ်စေတနာ,
Mordant,မစင်လုပ်,
More,ပဵုတုဲ,
More tea,မဂၠိုင်ကဵုလက်ဖက်,
Moreover,ပါဲနူဂှ်,
Moribund,မနွံကဆံင်ကြပ်ချိုတ်ဒၟံင်,
Morning,ဂယး,
Morning star,သၞံင်ဇမ္ပာ,
Morocco,စၞာံဗ္ၜေံဍိုန်ဍိုန်ၜတ်ၜတ်,
Morose,မပ္တီုလဝ်မုက်,
Morosely,နဒဒှ်မစွံလဝ်မုက်တီုတီု,
Moroseness,ဒဒှ်မပ္ကီုလဝ်မုက်မတ်,
Morphine,ဂဥုဲဂိဝေင်ဗၠး,
Morrow,ယးဂတ,
Morsel,မွဲဒကုတ်,
Mortal,မချိုတ်ဍာံဍာံ,
Mortally,နဒဒှ်မကြပ်ချိုတ်ဒၟံင်,
Mortality,ဒဒှ်မချိုတ်,
Mortar,အင်္ဂဒဵု,
Mortgage,ပံင်လဝ်,
Mortify,သကဵုဂွံမုဂဝ,
Mortification,ဒဒှ်မသကဵုမုဂဝထကး,
Mortify the body,ဖျဝ်ဗ္ဒေက်ကာယ,
Mortise,ပၞော်စရုဲ,
Mortuary,ရုင်ပါ်သြိုဟ်,
Mosque,ဘာလ္ၚောဝ်ကျာ်မူသလေန်,
Mosquito,ခမိတ်,
Moss,အိၚာ်,
Mossy,မတီုကၠီုဒၟံင်ကဵုအိက်ဍာ်,
Most,မနွံလၟိဟ်ဂၠိုင်အိုတ်,
Mostly,နဒဒှ်မကြပ်ဒှ်ဖ္အိုတ်,
Mote,လမၠံ,
Moth,စၟဟန်,
Mother,မိ,
Motherhood,ဒဒှ်ဘဝမိ,
Motherless,မဟၟဲကဵုမိ,
Motherly,မဒှ်ညံင်ရဴမိ,
Mother and father,မိမ,
Mother’s breast,ဂၠးမိ,
Mother earth,ဂၠးတိ,
Mother-in-low,ခါံသီ,
Motion,ပွမချဳဒရာင်,
Motionless,မဟၟဲကုဒဒှ်မချဳဒရာင်,
Motion picture,ရုပ်ဂမျိုင်,
Motive,မသကဵုချဳဒရာင်,
Motivate,ဗ္တိုက်ဖ္အောဝ်,
Motley,မနွံကဵုအရံင်ဗွဲမဂၠိုင်,
Motor,စက်မကဵုဇြဟတ်သွက်ဂွံချဳဒရာင်အာကၠုင်,
Motto,ပိုတ်လိက်သ္ကေံ,
Mold,ကၟု,
Moult,သၠာဲတသော်,
Mound,ကုန်ဒဵု,
Mount,ဒဵု,
Mount meru,သိန္နရာဇ်,
Mounted soldier,ဂၟံင်ချေံ,
Mountain,ဒဵု,
Mountaineer,မၞိဟ်မတန်တဴပ္ဍဲဌာန်ဒေသလ္တူဒဵု,
Mountainous,မတီုကၠီုနကဵုဒဵု,
Foot of the mountain,ဇိုင်ဒဵု,
Mountain jack tree,တၞံဖာ,
Mountain peak,က္ဍဟ်ဒဵု,
Mountain stream,လ္ဂောဝ်,
Mountebank,မၞိဟ်လီသွံဂဥုဲပ္ဍဲဒကဴဂၠံင်,
Mourn,ကသန်,
Mourner,မၞိဟ်မဂၠိုက်သ္ၚောံဒၟံင်ပ္ဍဲစိုတ်,
Mournful,မအောန်စိုတ်ဂၠိုက်ဟောံ,
Mournfully,နဒဒှ်မလရိုဟ်ဂတေဝ်ယာံ,
Mourning,ပွမဂၠိုက်သ္ၚောံအောန်စိုတ်,
Mouse,ကၞိ,
Mouser,ဗ္ဂဲကၠဵုမရပ်ကၞိ,
Moustache,တသော်ပါင်,
Mouth,ပါင်,
Mouthful,မွဲပါင်ပေင်ပေင်,
Mouthpiece,လတာ်,
Mouthpiece of a wind instrument,လ္တာ်ပေင်,
Move,ဆုဲ,
Movie,ရုပ်ဂမျိုင်,
Movement,ပွမချဳဒရာင်,
Move about,ဂၚေင်,
Move away,တသိုတ်,
Move from place to place,ဂေတ်ဂ္ၚေင်,
Move on,ဆက်အာ,
Move round,ဂေတ်ဂေင်,
Mr,ဝေါဟာမစုတ်ကော်ခဴစ ဂတယၟုမၞိဟ်တြုံတြုံမွဲ,
Ms,ဝေါဟာမကော်ခဴစဂတယၟုမၞိဟ်ဗြဴဗြဴ ဝုတ်ဝုတ်ကဵုဒှ်ထဴထဴကဵုဒှ်,
Much,မဂၠိုင်,
More,မဂၠိုင်,
Most,မဂၠိုင်ဂၠေင်,
Muck,အိက်ဂၠဴ,
Mucky,မကၠိခ္ဍက်,
Mucous,မဆေင်စပ်ကဵုသၠေဟ်ထလိန်ထလိန်,
Mucus,သၠေဟ်ထလိန်ထလိန်,
Mud,ခရီု,
Muddy,မဂၠိုင်ကဵုလၟက်ခရီု,
Muddle,သကဵုထုဲထံင်,
Muezzin,မၞိဟ်ကညာင်ကော်မၞိဟ် သွက်ဂွံလ္ၚောဝ်ကျာ်လ္တူစင်ဟဝ်ဗလဳ,
Muffle,ယာတ်ကၠေဟ်ကံ,
Mufti,ဗွိုက်လ္တက်ဗွဲသာမည,
Mug,ဗြံက်ဍာ်သီုတဝ်,
Muggy,မက္တဴအုပ်ဇြုင်ဒၟံင်,
Mulatto,ဂကူကာပ္ပလဳ ဆီမနှဴရဴဒၟံင်ကဵုအေန်ဂလိက်,
Mulberry,တၞံတၞးစၟသုတ်စ,
Mulct,ဖျေံဒန်နဒဒှ်တပ်ဒန်သြန်,
Mule,မာဲ,
Mulish,မၞိဟ်ဟီုဂးစဝါတ်,
Mullet,ကဖလုတ်,
Multi,မဒှ်နာနာသာ်,
Multiple,မနွံကဵုသကုတ်ကရေက်ဗွဲမဂၠိုင်,
Multiplicand,ကိုန်တန်သွက်ဂွံပၟဝ်,
Multiplier,ဇိုင်ပၟဝ်,
Multiply,ကၟဝ်,
Multiplication,ကမၠေဝ်,
Multiplicity,ဒဒှ်မဂၠိုင်,
Multitude,ဂအောတ်သာင်သောဝ်,
Multitudinous,မဂၠိုင်ဂၠေင်,
Mum,မကၞပ်ဒၟံင်,
Mumble,ဟီုကၠာမိင်ကဵုဟွံမိင်,
Mummy,ဇွမၞိဟ်ဓုပ်ဂွဳလဝ်နကဵုဂဥုဲ,
Mumps,ခမင်ကၠိက်,
Munch,ဇ္ၚာဲစကြောပ်ကြောပ်,
Mundane,မဆေင်စပ်ကဵုလောကဳ,
Municipal,မဆေင်စပ်ကဵုသ္ဂောံသ္အးဇ္ၚးတဴတက်ကၠုင်,
Municipality,ဂကောံမရေင်တၠုင်သွက်ဂွံသ္အးဇ္ၚးတဴတက်ကၠုင်,
Munificent,မတရးဂစာဲ,
Munificence,ဒဒှ်မတရးဂစာဲ,
Munitions,ကပေါတ်လွဟ်ပၞာန်,
Mural,မဒှ်လ္တူဒဒင်,
Murder,အမှုဂစိုတ်မၞိဟ်,
Murderer,မၞိဟ်ဂစိုတ်မၞိဟ်,
Murderous,မချပ်ကသပ်သွက်ဂွံဂစိုတ်မၞိဟ်,
Murky,မဂၠုၜေက်ဒၟံင်,
Murmur,ကရောတ်တသဝ်,
Muscle,ကောန်ကၞိ,
Muscular,မဆေင်စပ်ကဵုကောန်ကၞိ,
Muscle-bound,မဒှ်ယဲကောန်ကၞိတိုန်,
Muse,ချပ်သွပ်လ္ပံဒၟံင်,
Museum,တိုက်ပၠ,
Mushroom,ပ္တိုဟ်ဂဂဵု,
Music,ရမျာင်မတိင်တိုက်ကွိင်ကွိုက်,
Musical,မဒှ်ဒၟံင်ညံင်ရဴရမျာင်ကွိင်ကွိုက်,
Musically,နကဵုကွိင်ကွိုက်,
Musician,သၟာကွိင်ကွိုက်တိင်တိုက်,
Musical instruments,ပေဝ်,
Music box,ဗာတ်တလာ,
Musk,ကဒဵု,
Musk-melon,ဂအဳတၟံ,
Musket,သေဏာတ်,
Muslin,ယာတ်ပိပရဳ,
Must,သ္ဒးကၠောန်,
Mustang,ချေံအရိုင်ပ္ဍဲကၟိန်ဍုင် အမေရိကာန်မွဲဂကူ,
Mustard,ရာဲသဳဓတ်,
Mustard seed,မရာဲ,
Mustard oil,ကၠေင်ရာဲသဳဓတ်,
Muster,ဒဒှ်မကောံဓရီုဒၟံင်နကဵုမၞိဟ်ဂမၠိုင်,
Muster an army,သၞးဗျူဟာ,
Musty,မအုတ်,
Musty,မအှ်,
Mutable,မပြံင်သၠာဲမာန်,
Mutability,ဒဒှ်မပြံင်လှာဲလောဲ,
Mutability of creatures,ဓဝ်သင်္ခါရ,
Mute,မသ္ၚိတ်မံင်,
Mutilate,ကုတ်ထပိုတ်ကၠေံအင်္ဂအဝဲဇကု,
Mutilation,ဒဒှ်မကုတ်ထပိုတ်ကၠေံအင်္ဂအဝဲဇကု,
Mutiny,သပုန်,
Mutineer,မၞိဟ်က္တဵုသပုန်,
Mutinous,မသပုန်,
Mutter,ကရောတ်ဒၟံင်သာသာ နကဵုရမျာင်ညးဂမၠိုင်မိင်ဟွံမာန်,
Mutton,ဖျုန်သဵု,
Mutton fat,ကၠေင်သဵု,
Mutual,မဒှ်ပလန်ဂတး,
Mutually,ရင်သ္ကံ,
Muzzle,ဂရောပ်သၠိုက်စုတ်လဝ်ပ္ဍဲပါင်ကၠဵု,
My,အဲ,
Myself,ဇကုအဲ,
Mynah,သာရိကာ,
Myopic,မနွံကဵုလညာတ်ကြပ်ကြပ်,
Myriad,လၟိဟ်ရိုဟ်ဟွံမာန်,
Myrrh,မကညာန်,
Mystery,ဒဒှ်သ္ဂောံကၠိုဟ်ခၠင်ဝါတ်ဂါတ်,
Mysterious,မတၟုဲတဴဒၟံင်ကဵုစိစောန်လဝ်,
Mystic,မဒှ်သွက်သ္ဂောံကၠိုဟ်ခၠင်ဝါတ်,
Mystical,မဝါတ်ဂါတ်သွက်ဂွံတီကၠိုဟ်,
Mysticism,ကွေတ်ဝါဒသ္ဇိုဟ်သ္ဇိုဟ်နက်နက်,
Mystify,သကဵုစိုတ်ထုဲကြာန်,
Mystification,ဒဒှ်စိုတ်မထုဲကြာန်,
Myth,ပုံအဂီု,
Mythical,မဟၟဲကွေံကွေံ,
Mythology,ကွတ်ပညာမကတ်လ္ၚတ်ပုံအဂီု,
Mythological,မဆေင်စပ်ကဵုမကတ်လ္ၚတ်ပုံအဂီု,
Mythologist,တၠပညာမကတ်လ္ၚတ်ပုံအဂီု,
Mythical fish,မကင်ကဝ်,
Nab,ရပ်ကေတ်မွဲစုတ်ဓရ်,
Nadir,ခရက်သဝ်အိုတ် ၊ အကဲာအရာမနွံကဆံင်သဝ်အိုတ် သွက်ညးမွဲမွဲ,
Nag,ထ္ၜုတ်က္တဵုကြီုဇာပရဂဟီဒၟံင်,
Naiad,အဆေဝ်သွဝ်ဗြဴဍာ် မကၠုင်နူအဂီုဂရိ,
Nail,သၞေံတဲ သၞေံဇိုၚ်,
Naive,မယျဵုလ္ဂူဗၠးဒုဟ်မဒှ်ဒၟံင်အတိုင်သဘာဝ,
Naively,နဒဒှ်ဟၟဲကဵုဒုဟ်ဒဏ်,
Naivete,ဒဒှ်မယျဵုလ္ဂူ,
Naked,ဒဒှ်မနွံမံင်ဇကုသၟး,
Nakedly,နဒဒှ်ဟၟဲကဵုဗွိုက်လ္တက်,
Nakedness,ဒဒှ်ဟၟဲကဵုဗွိုက်လ္တက်,
Name,ယၟု ၊ ဗီုကော်ခဴစ,
Namely,နဒဒှ်ယၟု,
Nanny,မိမိန် ၊ ပၟင်ကောန်ၚာ်,
Nap,ဒဒှ်မသၠိင်အာမွဲမြဟ်ဍောတ် အပ္ဍဲအခိင်,
Napalm,မဗ္တိုဟ်ပၟတ်,
Nape,ကတက်/ လတက်,
Naphtha,ကၠေင်ဍေန်မပ္တိတ်နူချးတၟ:,
Napkin,ယာတ်ဇိုတ်တဲ ၊ ပဝါဇိုတ်တဲ,
Narcotic,ဂဉုဲဇဗဗ္ၜူလဆူဒလူ,
Narrate,လဴပုံ ၊ လဴဗ္စ,
Narrator,မၞိဟ်ကလေင်လဴဟဳုထ္ၜး,
Narrative,မဒှ်ညံင်ရဴပုံအဂီု,
Narration,ဒဒှ်မကလေင်လဴထ္ၜး,
Narrowly,နဒဒှ်မဒှ်ညိညးဓရ်,
Narrow-minded,မနွံကဵုစိုတ်စရိုတ်က္ဍန်န်,
Narrowness,ဒဒှ်မက္ဍန်ကြေပ်,
Narrow,မက္ဍန်ဂြက်,
Nasal,မဆေၚ်စပ်ကဵုမုဟ်,
Nasal catarrh,ယဲမုဟ်,
Nascent,မမံက်တိုန်တၟိ,
Nasty,မကၠိပပ် ၊ မၚေတ်ဗေတ်,
Natal,မဆေၚ်စပ်ကဵုဒဒှ်မတ္ၜံၚ်ပၟတ်ပၞာၚ်,
Nation,ဂကူ ၊ ကောန်ဂကူ,
National,မဆေင်စပ်ကဵုပရေင်ကောန်ဂကူ,
Nationalism,ဝါဒကောန်ဂကူ,
Nationalist,မၞိဟ်ဆာန်ဂကူ,
Nationality,ဒဒှ်မဒှ်ကောန်ဂကူ,
Nationlize-ise,သီကေတ်သ္ပထောံဂြပ်ညးဂမၠိုင်,
Nationalization,ဒဒှ်မသ္ပထောံဂြပ်အလဵုအသဳ,
Native,ဒၞာဲမဒှ်မၞိဟ်,
Natural,မဆေၚ်စပ်ကဵုသဘာဝ,
Naturally,အတိုင်ဒဒှ်ဗီုသဘာဝ,
Naturalist,မၞိဟ်လ္ၚတ်ပရေင်သဘာဝ,
Naturalize,- ise,ကဵုအခေါၚ်သွက်သ္ဂောံဒှ်ကောန်ဍုၚ်
Nature,ပက္ကတိ ၊ သဘာဝ,
Naught,ရံၚ်,
Naughty,ဟွံကလေင်အရေဝ်,
Naughtily,နဒဒှ်မဟွံကလေင်ရေဝ်,
Naughtiness,ဒဒှ်မကြံကြ,
Nausea,ဒဒှ်မက္ဍုဟ်မၠေံဂိက္တာန်,
Nauseous,မက္ဍုဟ်မၠေံဂိက္တာန်,
Nauseate,သကဵုက္ဍုဟ်မၠေံဂိက္တာန်,
Nautch,သ္ဘၚ်လှ်ေအန္ဒိယ,
Nautical,မဆေင်စပ်ကဵုလ္ပာ်ဂၠံၚ်ဍာ်,
Naval,မဆေင်စပ်ကဵုဒပ်ဍာ်,
Nave,ဒကောအ်ကွဳ,
Navel,တၠိုတ် ၊ ပေါင်လိုတ်,
Navigate,စၞောန်ထ္ၜးဂၠံင်ဍာ်,
Navvy,သၟာကမၠောန်ဖံက်ဂၠံင်နကဵုဍာ်ဓတ်,
Navy,ဒပ်ဍာ်,
Nay,ဣဏံသၟးဟွံသေင်,
Neap,အကာဲအရာဍာ်ဒဳချိုတ်အိုတ်,
Near,နဒဒှ်အခိင်မကြပ်,
Nearly,ကြပ်ညောန်ကွေံကွေံ,
Nearness,ဒဒှ်မကြပ်ဒၟံင်,
Neat,မသိပ်ဂၠိပ်,
Neatly,နဒဒှ်မဇိပ်ဂၠိပ်,
Neatness,ဒဒှ်မဇိပ်ဂၠိပ်,
Nebula,ကရောင်ဓါတ်လျး,
Nabulous,မဒှ်ဒၟံင်ညံင်ရဴမတ်ဗြဲ,
Necessary,မဟၟဲဟွံတုဲ,
Necessarily,နဒဒှ်မနွံပၟိက်,
Necessitate,သကဵုနွံပၟိက်,
Necessity,ဒဒှ်မနွံကဵုပၟိက်ဟွံမွဲဟွံတုဲ,
Necessaries,ကပေါတ်ကြိယာဗာ,
Necessitous,မဝါတ်ခါဲ,
Neck,ကံ,
Necklace,ကၟက်ကံ,
Necktie,ဇုက်ကၠေဟ်ဒက်ကံ,
Nectar,ဍာ်သတ်ဆု,
Need,နွံပၟိက်ဒၟံင်,
Needless,မဟၟဲပၟိက်,
Needy,မဝါတ်ခါဲယုတ်ဒေက်,
Needle,တၞိင်ထပက်ပလောအ်,
Needlecase,ထကိုအ်တၞိင်,
Needlewoman,သၟာဇၟိင်ဗြဴဗြဴ,
Needlework,ကွတ်မဇိင်စက်ထပက်ပ္ကဴထပက်ဇာ,
Nefarious,မတ္ၚံက်တ္ၚေဲယုတ်မာ,
Negate,ကယျာန်ပါဲ,
Negation,ဒဒှ်မကယျာန်ဒစှဵဒစး,
Negative,မကယျာန်ဒစှဵဒစးဒဒှ်ဟွံဍာံ,
Neglect,မံင်ထောံဟွံသ္ပဂရု,
Neglectful,မသာသ္ပံ,
Negligent,မဟိုတ်မာဲ,
Negligently,နဒဒှ်သာသာသ္ပံသ္ပံ,
Negligence,ဒဒှ်မသာသ္ပံ,
Negligible,မဟွံထေက်ကဵုသ္ဒးသ္ပရု,
Negotiate,ပညဳပညပ်သဳကၠဳ,
Negotiable,မတတ်ကၠောံသရုင်အာမာန်,
Negotiation,ဒဒှ်မပညဳပညပ်သဳကၠဳ,
Negro,ဂကူနဳဂရဝ်တြုံတြုံ,
Negress,ဂကူနဳဂရဝ်ဗြဴဗြဴ,
Neigh,ရမျာင်ချေံကရေဲ,
Neighbour,သ္ၚိရေင်ကၟေင်ဆက်,
Neighbourhood,ဒေသမွဲကရပ်,
Neighbouring,ဒဒှ်သ္ၚိရေင်ကၟေင်ဆက်,
Neighbourly,နဒဒှ်ဗဗွဲဗီုရဲ,
Neigher,ဒဒှ်မွဲဟွံသေင်,
Nemesis,ဒဒှ်ဝဲမဗက်,
Neo,မဒှ်တၟိ,
Neo-lithic,မဆေင်စပ်ကဵုခေတ်တၟံတၟိ,
Neo-imperialism,ဝါဒညးမသၠဲတိဍာ်ခေတ်တၟိ,
Neon,မရပ်စပ်စကာပ္ဍဲမပၟတ်ဓါတ်လလဳ,
Nephew,ကောန်ကၟိန်,
Nepotism,ကွေတ်ပွမခါန်ကၞက်ကဵုဒၞာဲဝါ မသကလောကောဒေံဇကု,
Neptune,ဂြိုဟ်နိပ်တျုန်,
Nerve,ကတေင်အရီု,
Nerveless,ဟၟဲကဵုဇြဟတ်အစောံစရာဲ,
Nervous,မဆေင်စပ်ကတေင်အရီု,
Nest,ခပေါဲဂစေံ,
Nest-egg,သြန်ပကောံလဝ်သွက်ဂွံရပ်စပ်ပ္ဍဲအနာဂတ်ဂတ,
Nestling,ကောန်ဂစေံမတိတ်ဗၠးနူခပေါဲဟွံမာန်ဏီ,
Nestle,ကရေင်မံင်စံင်ဒုင်စသိုင် ဒးဒးရးရး,
Net,ကၞဴ ၊ ဇာ,
Network,မဒှ်ဒၟံင်ညံင်ရဲဇာ,
Nether,မဒှ်လက်အသၟဝ်,
Neural,မဆေင်စပ်ကဵုကတေင်အရီု,
Neuralgia,ယဲဝေဒနာဒေင်ဒိုဟ် မကိတ်စပ္ဍဲကတေင်အရီု,
Neurotic,မၞိဟ်ဂွံလဝ်ယဲဝေဒနာစိုတ်ဟွံညိင်,
Neuter,လိင်ၝောံကၟက်ဟွံမွဲ,
Neutral,မဒၟံင်အကြာ,
Neutrality,ဒဒှ်မမံင်အကြာပ္ဍဲအခိင်အခါက္တဵုဒှ်မံၚ်ပၞာန်,
Neutralize,သကဵုအစောံစရာဲအိုတ်အာ,
Never,ဆောဝ်လံဒဒှ်,
Nevermore,လက်ကရဴပၠန်ဆောဝ်လံမှ,
Nevertheless,ၜိုန်ဒှ်သာ်ဂှ်ကီုလေဝ်,
New,မတၟိကယျာ,
Newly,ဗွဲမတၟိကယျာ,
Newness,ဒဒှ်မဒှ်တၟိ,
New moon,ဂိတုအိုတ်,
News,ဂလာန်ပရိုၚ်,
Newsagent,မၞိဟ်သွံလိက်ပရိုၚ်,
Newsboy,သၟတ်သွံလိက်ပရိုၚ်,
Newspaper,လိက်ပရိုၚ်,
Newsprint,စက္ခူတက်လိက်ပရိုၚ်,
Newt,ဒကုဲဍာ်,
Next,ဂတ ၊ တုဲပၠန်ဂှ်,
Nexus,အဆက်အဆောံ,
Nib,ကၞေဟ်,
Nibble,ကိတ်စမွဲပါၚ်တုဲမွဲပါၚ်,
Nice,မနွံကဆံၚ်သ္ဒးသ္ဍိုက်မၠိုက်,
Nicely,နဒဒှ်ကဆံၚ်မခိုဟ်ချိုတ်ပၠိုတ်,
Nicety,ဒဒှ်မချိုတ်ပၠိုတ်,
Niche,ကမၠောန်ကၟိတ်ဒးဒးရးရး,
Nick,အခိၚ်ဂွံဆဂတာပ် ၊ လၟုဟ်ညိကီု,
Nickel,ဖကောဝ်နေတ်ကေဝ်,
Nickname,ယၟုဓၟက်ထ္ဍုတ်မကဵုလဝ်,
Nicotine,ဍာ်ဂျိမနွံပ္ဍဲတၞးဂဥုဲသုၚ်ၜံက်,
Niece,ကောန်မှိန်ဗြဴ,
Niggard,မၞိဟ်သအေတ်ဂမ္တက်,
Niggardly,သအေတ်သပါန်,
Niggardliness,ဂမ္တက်ဂမ္အက်,
Night,အခိၚ်ဗ္တံ,
Night-dress,ပလောံလ္တက်သၠောံဗ္တံ,
Nightfall,တ္ၚဲစလုပ်ဒဵု,
Nightjar,ဂစေံအဗၠက်,
Nightly,အရိုဟ်ဗ္တံ,
Nightmare,လ္ပံဟွံခိုဟ်,
Nightmarish,မနွံကဵုကဆံၚ်သ္ဒးဖေက်ဂၟံက်ခိုဟ်,
Nightshirt,ပလောံမၞိဟ်တြုံတအ်လ္တက်အခိၚ်ဗ္တံ,
Nightwatchman,ပၟၚ်အခိၚ်ဗ္တံ,
Nighttime,ပယာံဗ္တံ,
Nil,ဒဒှ်ဟၟဲမွဲသာ်,
Nimble,မပြဟ်ပြေတ်,
Nincompoop,မၞိဟ်ဟွံပေၚ်ဒကေဝ်,
Nine,ဒ္စိတ်,
Nineteen,စှ်ဒ္စိတ်,
Ninth,နဝမ,
Ninetieth,အလန်ဒ္စိတ်စှော်ဝါ,
Ninety,ဒ္စိတ်စှော်,
Nip,ပွမဍေက်ကိတ်,
Nipa,တၞံကၞိ,
Nippla,က္ဍိုပ်တှ်,
Nirvana,အမတ ၊ နိဗ္ဗာန်,
Nit,ခၟာဲစဲ,
Nitre,အိန္နသဳ,
Nitric,မဆေင်စပ်ကဵုအိန္နသဳ,
Nitrogen,ဓါတ်နာ်ထြဝ်ဂျိန်,
No,ဟၟဲမွဲသာ်,
Noble,မပြဲ ၊ မက္တဵုဒှ်ကၠုင်နူကဵုဂကူဇာတိကဆံင်သၠုင်သၠုင်ပြဲပြဲ,
Nobility,ဒဒှ်မပြဲသၠုင်,
Nobly,နဒဒှ်မသၠုင်ပြဲ,
Noblesteed,ချေံအာဇာနဲ,
Nobleman,အမာတ်,
Nobody,မၞိဟ်ဟၟဲမွဲ,
Nocturnal,မချဳဒရာင်ဗ္တံ,
Noel,အခါသမာယခရေတ်မက္တဵုဒှ်မၞိဟ်,
Noise,ဗရုညာန်ညေဲ,
Noiseless,မသ္ၚိတ်ဇြ,
Noisy,မညာန်ညေဲ,
Noisily,နဒဒှ်မညောန်ညေဲ,
Noise,လလောင်တြး,
Noisome,မနွံကဵုကဆံင်သွက်သ္ဂောံက္ဍုဟ်မၠေံခိုဟ်,
Nomad,ဂကူဂကောံမၞိဟ်ဟၟဲကဵုသ္ၚိဌာန် မဖျေံလဝ်သ္ဇိုင်ချိုတ်ချိုတ်ပၠိုတ်ပၠိုတ်,
Nomadic,မဂေတ်ဂ္ၚေင်အာကၠုင်ဒၟံင်,
Nominal,မဒှ်ဆဒုင်ယၟု,
Nominate,ပ္တိုန်စရင်ယၟုသွက်ဂွံဒုင်ရုဲစှ်ပ္တိုန်,
Nomination,ဒဒှ်မပ္တိုန်စရင်ယၟု,
Nominee,မၞိဟ်သ္ဒးဒုင်ပ္တိုန်စရင်ယၟု,
Non,ဟွံသေင်,
Non-smoker,မၞိဟ်ဟွံသုင်ၜံက်,
Non-combatant,မၞိဟ်ဟွံပါလုပ်ပ္ဍဲကရောံပေါဲဗ္တိုက်နကဵုလွဟ်,
Non-member,မၞိဟ်ကောန်ဂကောံဟွံသေင်,
Non-commital,ဒဒှ်မစွံလဝ်ဟွံကဵုသွဟ်ဍေံဍာံဍာံဏဳ,
Non-owner,မၞိဟ်တၠဂြပ်ဟွံသေင်,
Nonchalant,မဒှ်ကဆံင်စိုတ်ဟွံလုပ်စ,
Nondescript,မဓမံက်ထ္ၜးကဵုချိုတ်ချိုတ်ပၠိုတ်ပၠိုတ်ဟွံဂွံ,
None,မဟၟဲညိည,
Nonentity,အညတြ,
Nonplus,သကဵုဒှ်အံသဝ်စိုပ်အာကဆံင်လှင်ဒိုပ်အာ,
Nonsense,ဂလာန်ဟၟဲကဵုအဓိပ္ပါယ်,
Nonsensical,မဒှ်ဆဆဵု,
Noodle,ခၞံကြုက်မစုတ်လဝ်သီုခၟာဲစာင်,
Nook,အကြာဂရော်ချော်,
Noon,တ္ၚဲက္တဴဓရ်,
Noose,ဇုက်ဓနက်,
Nor,မဟွံ........မာန်ကီု,
Normally,မညီသၟတ်နကဵုသၞောဝ်ဥပဒေ,
North,ဒေသသၟဝ်ကျာ,
Northerly,မဒှ်နူဒိုဟ်သၟဝ်ကျာ,
Northern,မနွံဒၟံင်လ္ပာ်သၟဝ်ကျာ,
Northerner,ကောန်ဍုင်လ္ပာ်ဒိုဟ်သၟဝ်ကျာ,
Northward,လ္ပာ်ဒိုဟ်သၟဝ်ကျာ,
Northern continent,တ္ကအ်သၟဝ်ကျာ,
Northeast,ဒိုဟ်ဨသာန်,
North Star,သၞံင်တိုင်,
Northwest,ဒိုဟ်ဗာယပ်,
Nose,မုဟ်,
Nosegay,ဇၟန်ပ္ကဴ,
Nostalgia,ဒဒှ်မဗှ်သၞာသ္ၚိ,
Nostril,သိုင်မုဟ်,
Not,ဟွံ ၊ မဟွံ,
Not according to rule,ဟွံဒးပ္ဍဲပၞောန်,
Not at all,သက္ကရ,
Not any,ဟၟဲ,
Not difficult,ဟွံဝါတ်,
Not even,ဟွံက,
Not heavy,ဟွံသ္ဇိုင်,
Not so,ဟွံသေင်,
Notable,မမံက်ဂတဝ်ဒၟံင်,
Notably,နဒဒှ်မပြာကတ်တဴဗွဲတၟေင်,
Notability,ပူဂဵုမပြာကတ်,
Notch,ဒဒှ်မပုတ်ဂၠတ်လဝ်ကရောင် ညံင်ရဴသၠဇြဲလ္တူအရာမွဲမွဲ,
Notched,ၚေက်ၜုန်,
Note,လိက်သမ္တီ,
Noted,မဒယှ်တှ်,
Noteworthy,မထေက်ကဵုသ္ပဂရု,
Notebook,ထပိုတ်,
Nothing,ဒဒှ်မုဟွံမွဲ,
Nothingness,သုန်ည,
Notice,လလောင်တြး,
Notice-board,တင်ကဵုသတ္တိ,
Noticeable,မသ္ပဒးသတ္တိ,
Notify,ဂရင်ပ္တီဟီုလဴစ,
Notifiable,မနွံကဵုသွက်သ္ဒးကလိုဟ်ဟီုကဵု,
Notification,တင်လလောင်တြး,
Notion,ကသပ် ၊ လညာတ်,
Notorious,မဒယှ်တှ်မကဵုယၟုပရေံပရေံ,
Notoriously,နဒဒှ်ယၟုမဇၞော်ဒၟံင်ကဵုလ္ပာ်ဂၠံင်ပရေံ,
Notoriety,ဒဒှ်ယၟုမဇၞော်မံင်ဂၠံင်လ္ပာ်ပရေံ,
Notwithstanding,ၜိုန်ဂှ်လေဝ်,
Nought,ဒဒှ်မုဂှ်ဟွံမွဲ,
Noun,ယၟု,
Nourish,လွဳပရာ ၊ ထံက်ပင်,
Nourishment,ဇြဟတ်သွက်ဂွံကဵုဖောံဗြေဝ်,
Novel,ဝတ္ထုဇမၠိင် ၊ မတၟိကယျာ,
Novelist,အ္စာကဝိညးမခၞံဝတ္ထု,
Novelty,ပွမကၠောန်ပလေဝ်ပ္တိုန်တၟိ,
November,ဂိတုနဝ်ဝီဗာ ၊ ဂိတုက္ထိုန်,
Novice,မၞိဟ်ပ္ကတ်ဗ္တောန်လဝ်တၟိ ၊ လၟောင်ထပိုဲ,
Novitiate,ဘဝထပိုဲ,
Now,လၟုဟ်,
Nowadays,ပ္ဍဲကဵုအခိၚ်အခါတ္ၚဲဏံ,
Nowhere,အလဵုဟွံဆဵု,
Noxious,မလေပ်ကဵုဒှ်ဘဲ,
Nucleus,ပၞိဟ်ခပဵု ၊ ခ္ဍန်,
Nuclear,မဆေၚ်စပ်ကဵုပၞိဟ်ခပဵု,
Nude,မဟၟဲကဵုဗွိုက်လ္တက်,
Nudist,မၞိဟ်နွံပၟိက်ကဵုသွက်ဂွံမံၚ် မဟၟဲကဵုဗွိုက်လ္တက်,
Nudge,ဒဒှ်မထလှ်ေ,
Nugget,ထဝ်ကလောံ,
Nuisancc,အရာမကဵုဒှ်ပထုဲပလာပ်ပူဂဵု,
Null,ဟၟဲကဵုဂုဏ်ဖဵု,
Nullify,သကဵုဒှ်ဟွံအာစိုပ်ဒတုဲ,
Numb,ဒေၚ် ၊ မဒေၚ်ဒိုဟ်,
Number,လၟိဟ်ဂၞန်သၚ်္ချာ,
Numberless,မရိုဟ်လၟိဟ်ဟွံမာန်,
Numeral,မဂၞန်,
Numerator,ကိုန်တန်,
Numerical,မဆေၚ်စပ်ကဵုလၟိဟ်,
Numerically,နဒဒှ်မတန်တဴကဵုလၟိဟ်,
Numerous,မဂၠိုၚ်ဗွဲ,
Numskull,မၞိဟ်ဒိုဟ်ဟ်၊ မၞိဟ်အအ,
Nun,သဳလ,
Nunnery,ဘာသဳလ,
Nunptial,မဆေၚ်စပ်ကဵုပရေၚ်အာဝဟ ဝိဝဟ,
Nuptials,ပေါဲသ္ပမ္ၚဵုထပ်တဲ,
Nurse,ပၟၚ်ကောန်ၚာ် ၊ မိမြိမြန်ကောန်ၚာ်,
Nursery,ဌာန်ပၟၚ်ကောန်ၚာ်,
Nurture,ပွမလွဳပရာဇၞော်သၠုၚ်ပ္တိုန်,
Nut,စၞစမဂြောပ်ဓလီုဒၟံၚ် နကဵုသၞော်မ္ၚိုဟ်ကြံၚ်ၚ်,
Nutmeg,သတ်ဇာဒိဖဵု,
Nutmeg blossom,ပ္ကဴဇာဒိဖဵု,
Nutriment,အဟာရမက္တဵုဗဒှ်ကဵုဇြဟတ်,
Nutrition,ဒဒှ်အဟာရ,
Nutritious,မဍိုက်ပေၚ်တဴနကဵုဓါတ်အဟာရ,
Nuzzle,ပ္ဍိုက်ပ္ဍဵုကဵုမုဟ် ၊ ထပက်ကဵုမုဟ်,
Nymph,အဆေဝ်သွဝ် ၊ အဆေဝ်သွဝ်ပၟၚ်ဍာ်ဗြဴ ၊ ကိန္နရဳ,
Vacan,မသၠးဒၟံၚ်,
Vacantly,နဒဒှ်မသၠးဒၟံၚ်,
Vacancy,ဒၞာဲသၠးသၠး,
Vacate,ပါဲကဵု,
Vacantion,တ္ရဲသၠး,
Vaccination,ဒဒှ်မထပက်ဂဥုဲသွက်ဂွံစဵုဒၞာ,
Vaccinate,ထပက်ဂဥုဲသွက်ဂွံစဵုဒၞာ,
Vaccine,ဂဥုဲစဵုဒၞာ,
Vacillate,ဝိဝိၚ်,
Vacillation,ဒဒှ်မဝိဝိၚ်,
Vacuum,ပွဳပွိုၚ်ဒၞာဲကျာသောပ်ဒၟံၚ် ဟိုတ်နူပ္တိတ်လဝ်ကျာ,
Vagabond,မအာကၠုၚ်ဒၟံၚ်ဟွံမွဲကဵုဌာန်ဒတန်ချိုတ်ချိုတ်ပၠိုတ်ပၠိုတ်,
Vagina,ဆိ,
Vagrant,မလေပ်ဂေတ်ဂ္ၚေၚ်အာကၠုၚ်,
Vagrancy,ဒဒှ်မကလှ်ဖှ်,
Vague,ဟွံကၠးခၠေဲ,
Vaguely,နဒဒှ်ဟွံသောၚ်ကၠး,
Vaguencss,ဒဒှ်ဟွံချိုတ်ပၠိုတ်,
Vain,မဒှ်အာသၟးသၟး,
Vainly,နဒဒှ်မသ္ၜိုန်,
Vainglory,ဒဒှ်ဇိုၚ်မဟွံဒးကၞဳ,
Vaingloriousk,မခါတ်ဂၠိက်ဗၠေတ်ဒၟံၚ်ကဵုသကေတ်,
Valence,ဇြဟတ်ပရိုက်ပံၚ်အနုလက်ကၠိုက်,
Valiant,မနွံကဵုသတ္တိအစောံစရာဲ,
Valid,မဗိုန်ဗတ်ခိုၚ်ကၠိုက်,
Validate,သကဵုလုပ်ကဵုစှ်ေကဵုဗဗွဲဓဝ်,
Validity,ဒဒှ်သကဵုဗိုန်ဗတ်ခိုၚ်ကၠိုက်,
Valley,ခလံက်,
Valour,အစောံသတ္တိ,
Value,ၚုဟ်မး,
Valuable,ထေက်တန်ကဵုၚုဟ်မး,
Valve,လ္တာ်,
Van,ကွဳဖ္ဍိုက်ကပေါတ်မနွံသီုပံၚ်,
Vandal,မၞိဟ်ပလီုပလာ်ကွတ်ပါန်,
Vandalism,ဒဒှ်မပလီုမလာ်အရာမသွိုန်ဗပိုန်လဝ်နကဵုကွတ်ပါန်,
Vane,တၞးပၚ်ကာ,
Vanguard,ဒပ်မုက်ပၞာန်,
Vanilla,ပ္ကဴဂါပ်ဆုမောဝ်မောဝ်မွဲဂကူ,
Vanish,ကၠေံဗ္ဒန်အာ,
Vanity,ဒဒှ်စိုတ်ဘဝၚ်မသၠုၚ်,
Vanquish,အုပ်ဓလီုဂွံအာ,
Vantage,ဒဒှ်မဂွံဖာလ္တူ,
Vapid,မနွံကဵုရှ်ဘှ်သာသာ,
Vapidity,ဒဒှ်မနွံကဵုရှ်ဘှ်သာသာ,
Vapor,သၟုဟ်ဍာ်,
Vaporize,သကဵုဒှ်သၟုဟ်ဍာ်,
Variegated,မပြံက်,
Variety,ဂကူနာနာသာ်,
Varnish,က္လေၚ်ပ္တိုန်အရံၚ်,
Vary,ပြံၚ်လှာဲ,
Variable,မလေပ်ပြံၚ်လှာဲ,
Variance,ဒဒှ်မသေက်ဇဵု,
Variant,တၞဟ်ခြာ,
Variation,သၞောတ်ဗ္ၜတ်,
Varied,မဒှ်နာနာသာ်,
Various,နာနာ,
Variously,ဂြုဂြုဂြီုဂြီု,
Vase,ထၟာဲကဴဇၞော်ဇၞော်,
Vassal,ဍိက်ဗ္ၚ,
Vassalage,ဘဝဍိက်ဗ္ၚ,
Vault,ထံက်ထလာ်ကဵုဒုန်,
Vast,မသၠဲလး,
Vaunt,သ္ၜိုန်,
Veal,ဖျုန်ကောန်ဂၠဴ,
Vcda,ဗေဒၚ်,
Vedic,ဆေၚ်စပ်ကဵုပြကိုဟ်ဆန်,
Veer,ပြံၚ်လှာဲထောံတၚ်ပ္တဝ်က္ဍိုပ်,
Vegetable,သၞေဝ်ကေဝ်,
Vegetarian,မၞိဟ်စသၞေဝ်ကေဝ်,
Vegetation,ဒဒှ်တၞံဆုဒုန်မကၠုတ်တိုန်,
Vehement,မသ္ကာတ်မြဟ်,
Vehemence,ဒဒှ်မသ္ကာတ်မြဟ်,
Vehicle,ယာန်ဖဍိုက်,
Vachicular,ဆေၚ်စပ်ကဵုယာန်,
Veil,ယာတ်ဂဇာဂရောပ်မုက်,
Vein,လတေၚ်ဆီ,
Velocity,အသိၚ်,
Velvet,ကတေပး,
Venal,မဗက်စအဂတိ,
Vend,သွံ,
Vender,vendor,တၠဖျာ
Vendetta,ပွမဒက်ဝဲဗက်ဂစိုတ်သီုကဵုမသလ,
,,
Vcnerable,မရှ်ေသှ်ေထေက်,
Venerate,ရှ်ေသှ်ေသ္ပဂါရဝ,
Vaneration,ဒဒှ်မရှ်ေသှ်ေရဴဂဴ,
Venereal,ယဲဗၠာဲ,
Vengcance,ဒဒှ်မကလေၚ်ပၠန်,
Vengeful,မလေပ်ကလေၚ်ပၠန်ဂတး,
Venial,မသၠးကဵုအခေါၚ်မာန်,
Venison,ဖျုန်ဒြာဲ၊မၚ်၊တၜိုၚ်၊ပှ်။,
Venom,ဂျိ,
Venomous,မနွံကဵုဂျိမသ္ကာတ်,
Venous,မနွံကဵုလတေၚ်ဗွဲမဂၠိုၚ်,
Vent,ပံက်သြိုဟ်,
Ventilate,ကဵုကျာလုပ်,
Ventilation,ဒဒှ်မသကဵုကျာလုပ်တိတ်,
Venture,ကၠောန်ကြာန်ကြာန်၊ဟီုကြာန်ကြာန်,
Venturesome,မဂံၚ်ဒုၚ်ချိုတ်,
Venus,ဂြိုဟ်သိုက်,
Veracious,ဍာံပြ,
Veracity,ဒဒှ်မဍာံ,
Veranda,ကၟေၚ်၊သ္ၚိကျာ,
Verb,ကြိယာ,
Verbal,ဓမံက်ထ္ၜးနကဵုပါၚ်တိုက်,
Verbally,နကဵုအရေဝ်,
Verbatim,နကဵုမအရေဝ်မွဲ,
Verbose,မဂၠိၚ်ပ္ဍဲဂလာန်,
Verbosity,ဒဒှ်မဂၠိၚ်တဴကဵုအရေဝ်,
Verdant,မမြဟ်မြဴ,
Verdict,အရာမသ္ဂုတ်သွာတ်,
Verdigris,မိဟ်ဓမြိုတ်,
Vergc,လအိတ်,
Verify,စၟဳစၟတ်ရံၚ်ဍာံဟွံဍာံ,
Verifiable,မဒုၚ်စၟဳစၟတ်မာန်,
Verification,ဒဒှ်မဒုၚ်စၟဳစၟတ်မာန်,
Verily,ကွေံကွေံ,
Verisimilitude,ဒဒှ်မနွံကဵုဗီုပြၚ်ဍာံဍာံ,
Veritable,မဍာံဇေတ်,
Verity,ဓဝ်ဍာံ,
Vermicelli,ခၞံကြုက်,
Vermifuge,ဂဥုဲဗရုန်,
Vermilion,အရံၚ်ဗကေတ်ဍာဲဍာဲ,
Vermin,စၟစၟောန်သတ်တိရစ္ဆာန်မလေပ်ပလီုပလာ်,
Verminous,မတီုကၠီုဒၟံၚ်စဲမှေန်,
Vernacular,အရေဝ်ဘာသာကောန်ဍုၚ်အရၚ်,
Vernal,ဗၠာဲဗၠာဲ၊ဝုတ်ဝုတ်,
Veronica,ဂမ္တၚ်ပၞာဲ,
Versatile,မဂွံဂၠံၚ်နာနာသာ်,
Versatility,ဒဒှ်မဍိုက်ပေၚ်ကဵုဒကဴနာနာသာ်,
Verse,ကဗျ,
Version,လညာတ်ညး,
Versus,လ္ပာ်ဒစဵုဒစး,
Vertebrate,သတ်မနွံကဵုဇုတ်ဒရံၚ်,
Vertical,မတပ်စူ,
Vertigo,ဒဒှ်မဗ္ၜူ,
Verve,စဳကၠး,
Very,လောန်,
Vessel,ထး,
Vest,ပလောံပ္ဍဲ,
Vestal,ဝုတ်ဇေတ်တ်,
Vestibule,ခဒံသၟဝ်သ္ၚိကျာ,
Vestige,အယောၚ်အလာမသှ်ေတ္ၜက်,
Vet,အ္စာသဝ်ဝန်သတ်တိရစ္ဆာန်,
Vetch,ၜဲထကောၚ်,
Veteran,ကောန်ပၞာန်တြေံ,
Veterinary,ဆေၚ်စပ်ကဵုယဲတိရစ္ဆာန်,
Veto,အခေါၚ်အဝဵုမတၟာတ်တာဒၞာမာန်,
Vex,ကၞုက်ကၞာဲ,
Vexation,ဒဒှ်စိုတ်မထုဲကြာန်,
Vexatious,သကဵုစိုတ်ထုဲကြာန်,
Via,မွဲကဆံၚ်,
Viaduct,ဒဒန်ခၞံသိုၚ်တတ်ကၠောံလဝ်ကရေပ်ဒဵု,
Vial,ပလၚ်ဍောတ်ဍောတ်,
Vibrate,သကဵုဗြုတမ္ညဝ်အာ,
Vibrant,မဗြုဓၟုၚ်,
Vibration,ဒဒှ်မဗြုဓၟုၚ်ဇတဝ်,
Vicarious,မကၠောန်ကဵုစၞးညးတၞဟ်သ္အာၚ်,
Vice,ဒုစရိုတ်,
Viceroy,ဥပ္ပရာဇာ,
Vicinity,ပွဳပွိုၚ်ကြပ်ကြပ်,
Vicious,မယုတ်မာ,
Vicissitude,ဓမ္မတာလောက,
Victim,မၞိဟ်ဒးဒုၚ်ပ္ဍဵုပ္ဍိုက်ပျဲပျာံ,
Victor,မၞိဟ်ဇၞး,
Victuals,ဇွောံမ,
Vie,ပြိုၚ်ပ္ကာန်,
View,ဒ္ၚောဝ်,
Vigil,ဒဒှ်မနွံဒၟံၚ်ကဵုသတိ,
Vigilance,ဒဒှ်မဟွံဗၠးကဵုသတိ,
Vigilant,မစွံဒၟံၚ်သတိ,
Vigour,အစောံဇြဟတ်,
Virulent,ယုက်,
Vile,မကြံကြ,
Villa,သ္ၚိမနွံသ္အာၚ်သၠဲသၠဲပ္ဍဲမ္ၚးဍုၚ်,
Vilify,ဟီုဖျေံကဝု,
Village,ကွာန်,
Villager,ရဲကွာန်,
Villain,မၞိဟ်ပရံ,
Villainous,မကြံကြဗွဲ,
Villainy,ဒ္ဂေတ်ယုတ်ယုတ်မာမာ,
Villein,ဍိက်တၠတိ,
Vim,ဇြဟတ်,
Vindicatc,ထ္ၜးသက်သဳဒဒှ်မဍာံစၟတ်,
Vindication,ဒဒှ်မထ္ၜးသက်သဳနဒဒှ်မဍာံစၟတ်,
Vindicative,မလေပ်ပၠန်ဂတး,
Vine,တၞံမုဒြာတ်,
Vinegar,ဍာ်သံ,
Vino,အရက်ဝါၚ်,
Violate,ပလီုပလာ်,
Violet,အရံၚ်သာ်ခဍောၚ်,
Violin,ဒြဝ်,
Viper,ဇြုံဗုဲ,
Virgin,ဝုတ်,
Virgo,ကန်,
Virile,မဍိုက်ပေၚ်ကဵုလက်သန်တြုံ,
Virtual,မစှ်ေဒၟံၚ်ဗီုၜိုန်ဟွံဒှ်ကီုလေဝ်,
Virtually,နဒဒှ်ဍာံဍာံတေံဂှ်,
Virtue,ဓဝ်မပြဲခိုဟ်,
Virulent,မသ္ကာတ်မြဟ်,
Virus,စၟယဲဝါၚ်ရာတ်,
Visa,ဒဒှ်မထံက်ဂလာန်နကဵုစၟတ်တဲ သွက်အခေါၚ်လုပ်ဍုၚ်,
Visage,ဗီုပြၚ်မုက်မတ်,
Viscount,စဍုၚ်,
Vise,vice ကၟာၚ်,
Visible,ထေၚ်,
Vision,ရုပါရီု,
Visit,အာဝေၚ်,
Vista,ဂတှ်ေဂၠးမစၟဳရံၚ်ဆဵု,
Visual,မဆေၚ်စပ်ကဵုဒဒှ်မဆဵုညာတ်,
Vital,မဆေၚ်စပ်ကဵုသွက်ပရေၚ်လမျီု သွက်သ္ဂောံဂျိုၚ်မာန်,
Vitality,အစောံဇြဟတ်,
Vitamin,အရာမသကဵုသတ်တံ သွက်ပရေၚ်ထတ်ယုတ် သ္ဂောံခိုဟ်မနွံပ္ဍဲစၞစ,
Vitate,ယုတ်ဒေတ်စှ်ေ,
Vitriol,ဍာ်တက်ဂန္ဓိုက်,
Vituperate,လက်ချဴ,
Vivacious,မနွံကဆံၚ်သာဍာ,
Vivid,မတၟး,
Viviparous,မက္တဵုဒှ်ကၠုၚ် ကောန်နူဂဝ်ဂၞဴမိဇလဗုဇ,
Vixen,ကၠဵုတိၝောံ,
Viz,နကဵုယၟု,
Vocabulary,ဝေါဟာ,
Vocal,မတိတ်ရမျာၚ်,
Vocation,မဂယိုၚ်လမျီု,
Vodka,အရက်ကာတ်ကာတ်မွဲဂကူ,
Vogue,မဂတာပ်ခေတ်,
Voice,ရမျာၚ်,
Viocc,မြော်ဂး,
Void,မသၠးဒၟံၚ်,
Volatilc,မပြံၚ်လှာဲပြဟ်,
Volcano,ဒဵုပၟတ်,
Volley,ဒဒှ်မပန်ဟွံပိုတ်သ္ဂုတ်,
Volt,ဝိုအ်,
Volition,ဒဒှ်မသ္ဂုတ်သွာတ် ထောံအလိုက်ဇကု,
Voluble,မနွံကဆံင်အရေဝ် ခ္ဍိုဟ်ဍာ်ဟွံစှ်ေ,
Volume,အတောဲ,
Voluntary,မဒှ်အလိုက်ဆန္ဒဇကု,
Volunteer,ယဵုဒုၚ်နကဵုစေတနာ,
Voluptuous,မဗက်မိပ်,
Votnit,ထအံပ္တိတ်,
Votacious,မဇၞော်တံကဵုလောဘ,
Vortex,ကျာပလက်,
Votary,မၞိဟ်ဗက်စလ္ပာ်ပရေၚ်ဘာသာ,
Votc,မာဲ၊ ကဵုမာဲ,
Vouch,ကေတ်တာလျိုၚ်မွဲမွဲသကဵုဗိုန်ခိုၚ်,
Vouchsafe,သ္ပဂရု,
Vow,သ္ပသစ္စ,
Vowel,ရမျာၚ်သွဵု,
Voyage,တရဴဂၠံၚ်ဍာ်,
Vulgar,မနွံကဆံၚ်သဝ်သဝ်,
Vulnerable,မလီုလာ်လောဲ,
Vulture,ကၟာတ်,
Wad,အရာဇွောံဒုၚ်ဍိုန်ဍိုန်ၜတ်ၜတ် မစုတ်လဝ်ပ္ဍဲအကြာဓုပ်ကပေါတ်မွဲမွဲ ညံၚ်ရဴဟဂွံချဳဒရိုက်,
Waddle,ကွာ်အာညံၚ်ရဴကဝါ်အဒါ,
Wade,လုဲ၊ လၟုဲ,
Wadi,ကြုၚ်ဍာ်မကှ်ဒၟံၚ်ပါဲနူကဵုအခိၚ်ဗြဲရိုပ်,
Wafer,ကွာၚ်တလာမကၠောန်လဝ်ဂတှ်ေကြဳကြဳ,
Waft,သကဵုသဝဝ်အာပ္ဍဲကျာ,
Wag,ဂဝိုက်,
Wage,လိၚ်,
Wager,လံၚ်,
Waggle,သကဵုလွိၚ်,
Waggon,wagon,ကွဳသၠာပန်
Wagtail,ဂစေံအပြံက်,
Waif,ကောန်ၚာ်ဟွံမွဲကဵုသ္ၚိဌာန်,
Wail,လရိုအ်,
Waist,ဂၞိၚ်(မၞိဟ်),
Waistcoat,ပဠောံဂရောပ်သြိုဟ်ဂၞိၚ်တဲဂၠေံဂၠေံ,
Waistband,ခါသဳ,
Waist cloth,ဂၠိက်,
Wait,မၚ်လဇ,
Waiter,တြုံအုဲခွး (မၞိဟ်စုတ်ပလေဝ်ပလေဝ်စ),
Waitress,ဗြဴအုဲခွး,
Wait a bit,ဒေါံကၠာ,
Wait for,မၚ်လဇ,
Waive,ဒုၚ်ကျ,
Wake,ၚုဟ်,
Wakeful,မဟွံသၠိၚ်,
Waken,ပ္ၚုဟ်,
Wake up,ၚုဟ်,
Walk,ကွာ်,
Walking,ကွာ်ဂ္ၚေၚ်,
Walk over,ပြဝမအံၚ်ဇၞးလောဲသွာ,
Walk about,စၚ်ကြၚ်ဂ္ၚေၚ်,
Walk back and forth,ကွာ်စၚ်ကြံ,
Take a walk,ဒဒှ်မကြေဝ်ဝေၚ်,
Walk single file,ကွာ်ဂၠောဲ,
Walking stick,ဒစုန်,
Walkie-talkie,စက်ကွာ်အာဟီုအာအရေဝ်,
Wall,ကၟာၚ်၊ ဗ္ဒၚ်,
The city wall,ကၟာၚ်ဍုၚ်,
Wallaby,သတ်လေၚ်ကောန် ဂကူသၟတ်မွဲဂကူ,
Wallet,ထိုၚ်သၠုဲ,
Wallow,မိပ်ဇြိပ်,
Walnut,သတ်ဆုစခ္ဍန်သတ်ဍေံ,
Waltz,လှ်ေဂေတ်ဝိုၚ်,
Wan,မဖျိုဟ်ဒၟံၚ်,
Wanly,ဖျိုဟ်ဖျိုဟ်ဖျေတ်ဖျေတ်,
Wand,လေံတ္ၜဝ်ဂဥုဲမန်ယန်,
Wander,ဂေတ်ဂ္ၚေၚ်အာကၠုၚ်,
Wanderer,မၞိဟ်ဂေတ်ဝေၚ်အာကၠုၚ်,
To wander about,ကြိုၚ်,
Wandering religious mendicant,ပြဘာဇ်,
Wanc,ယုတ်ဒေက်ကၠုၚ်,
The waning of the moon,ဂိတုစွေက်,
Want,နွံပၟိက်,
Wanting intelligence,မနွံပၟိက်ကဵုဗဟုပညာ,
Wanton,မပၠေံဝေၚ်,
Wantonness,ဒဒှ်ဒ္ဂေတ်ပွမလီု,
War,ပၞာန်,
Warfare,ပြဝဗ္တိုက်ပြေၚ်ပၞာန်,
Warlike,မဒှ်ဒၟံၚ်ဒတုဲသွက်သ္ဂောံဗ္တိုက်ပၞာန်,
Warpath,ဒဒှ်မဒှ်ဒၟံၚ်ဒတုဲသွက်ဂွံဗ္တိုက်,
Warring,မဒှ်ဒၟံၚ်ကဆံၚ်ဟွံသာညးသ္ကံ,
Warrior,ညးဂၟံၚ်,
Warship,က္ၜၚ်ပၞာန်,
War worn,မစိုပ်ဒၟံၚ်ကဆံၚ် ပၞာန်လ္ၚိုပ်လ္ၚာလၟောၚ်လၟေတ်,
Warble,ဗြုရမျာၚ်သာသာယျေန်န် မနှဴဒၟံၚ်ကဵုရမျာၚ်ဇတဝ်,
Warbler,ဂစေံဂြဴဇက်ရမျာၚ်ဇတဝ်,
Ward,အဝဲဟဂွံစိုပ်သွက်သ္ဂောံထိၚ်အုပ်ဓုပ်ဏီ,
To ward off,ပါဲဗလေတ်ထောံ,
Warden,မၞိဟ်ကောပ်ကာဲအုပ်ဓုပ်,
Warder. ပၟၚ်ထံၚ်,,
Wardrobe,ဒူသွက်ဂွံမာ်စွံစ,
Ware,ကပေါတ်မကၠောန်ပ္တိတ်လဝ်,
Ironware,ကပေါတ်မကၠောန်ပ္တိတ်လဝ်နကဵုပသဲ,
Earthenware,ကပေါတ်ဇရဳဇရ,
Silverware,ကပေါတ်မကၠောန်ပ္တိတ်လဝ် နကဵုသြန်,
Tinware,ကပေါတ်မကၠောန်ပ္တိတ်လဝ် နကဵုပသဲဍာ်,
Warehouse,ဇရာံကြိုၚ်စကပေါတ်,
Wariness,မနွံကဵုသတိ,
Warm,မက္တဴဂီု,
Warmly,လိုက်လိုက်လဴလဴ,
Warm oneself at a fire,ၜံၚ်ပၟတ်,
Warm water,ဍာ်ဂမ္တဴ,
Warmblooded,မနွံကဵုစိုတ်ချဳဒရာၚ်လောဲ,
Warmhearted,မလေပ်ဆာန်ဍူ,
Warmth,အကာဲအရာမဂမ္တဴဂီု,
Warn,ကဵုသတိ,
Warning,အရာမကဵုသတိ,
Warp,ဒကုတ်တ္ၚံက်လီၜန်အာ,
Warrant,ဟိုတ်မခိုၚ်ကၠိုက်,
Warrant officer,ဗိုလ်အကြာပ်,
Warrantee,မၞိဟ်သ္ဒးဒုၚ်ကဵုလျိုၚ် အသံအခေါၚ် သွက်ဂွံကၠောန်ပိုၚ်,
Warrior,ကောန်ပၞာန်,
Wart,ကတောတ်,
Wary,မနွံကဵုသတိဝဳရိယ,
Warily,နဒဒှ်မနွံကဵုသတိဝဳရိယ,
Wariness,ဒဒှ်မနွံကဵုသတိဝဳရိယ,
Was,ကေၚ်ဒှ်,
Wash,ကပိုက်ကဆံၚ်,
Washer,စက်လပိုက်ဂၠိက်ယာတ်,
Washbowl,ဂရ,
Washing,ဗွိုက်လ္တက်သွက်ဂွံလပိုက်ကဆံၚ်,
Washing-machine,စက်လပိုက်ကဆံၚ်ဗွိုက်လ္တက်,
Wash-out,မၞိဟ်ဟွံလုပ်ကေၚ်ကာ,
Washy,နွံကဵုအရံၚ်ဗိုဟ်ဟ်,
Washerwoman,မၞိဟ်ဗြဴလိက်ကဆံၚ်စပဠောံ,
Wasp,ဍိက်ကျာ်,
Waspish,မနွံကဵုစိုတ်စရိုတ်ပရေံဍုတ်ဍေဲ,
Wassail,အခိၚ်သုၚ်စမိပ်ဇြိပ်ထ္ၜူဒလူ,
Waste,ပၠေၚ်ထောံ,
Wastage,အရာမပြးဇးအာ,
Wasteful,ကဵုပြးဇး ဒှ်အာမးမး,
Waste-pipe,ပၠံၚ်ပ္တိတ်ဍာ်ရပ်စပ်လဝ်တုဲ,
Waster,မၞိဟ်မပၠေၚ်ဗဒိုက်ရပ်စပ်ဆဆဵု ညိဟွံမွဲကဵုဓဝ်ဂမြၚ်တီ,
Waste matter,အရာဟွံလုပ်ကေၚ်ကာ,
Watch,ရံၚ်,
Watchful,ဒဒှ်မနွံကဵုသတိလၟိုန်,
Watchman,ပၟၚ်ပၟဲ,
Watchword,ဂလာန်ပၞုက် ဒမၠုက် သွက်ဂွံတတ်အာကၠုၚ်,
Watch for,ဝဳဝတ်,
Watch over,ဥပ္ပကာ,
Watchtower,ပြယံက်,
Water,ဍာ်,
Water bucket,ဍာ်ဍေၚ်,
Water-carrier,ညးမဂၠေၚ်ဍာ်,
Water-closet,သ္ၚိဝတ်တံၚ်ဍာ်,
Water-colour,ဍာ်ဂဥုဲဓဇက်ကသူပၠာဲကဵုဍာ်,
Watercourse,ဇၟောဝ်ဍာ်,
Watered,မမံက်ဒၟံၚ်ညံၚ်ရဴဇွိုန်လပှ်,
Waterfall,ဍာ်လ္ဂေါဝ်,
Waterfront,ဒကုတ်ဍုၚ်ကရပ်ဇိုၚ်သြၚ်က္ၜဳ,
Water-pot,ဍာ်နုၚ်,
Waterproof,ပလောံဒုၚ်ဗြဲ,
Watertight,မဂရတ်လဝ်ညံၚ်ရဴဍာ်တိတ်ဟွံဂွံ,
Watery,မဆေၚ်စပ်ကဵုဍာ်,
Water-dipper,ဗြံက်ဍာ်,
Water jar,ဇရဳဍာ်,
Water skipper,စၟဍာ်,
Water snake,ဇြုံဍာ်,
Water springs up,ဍာ်ကလာဲတိုန်,
Watering place,သၞေဟ်ပွေၚ်,
Watering can,နုၚ်(စေဝ်)ဂရဲ,
Water-hen,စာၚ်ဍာ်,
Water-lily,ပ္ကဴဒကှ်,
Watermelon,ပညောန်,
Watt,တမ်သွက်ဂွံၜတ်ဓာတ်လလဳ,
Wattle,ဗ္ဒၚ်တာန်လဝ်နကဵုတၞာၚ်ဗာၚ်တၞံဆုဒုန်,
Wave,ဇွိုန်လပှ်,
Wavy,မတောံဒၟံၚ်ညံၚ်ရဴလပှ်,
Waver,သွဝ်ချဳဒရာၚ်ဒၟံၚ်,
Waver,ဝိဝိၚ်ဂါဲဍာဲ,
Wax,မံက်ကၠုၚ်,
Waxing,ဂိတုမံက်,
Wax,ပၠုဲ,
Waxen,မဆေၚ်စပ်ကဵုပၠုဲ,
Waxwork,ရုပ်ပၠုဲ,
Wax candle,ပၞာၚ်ပၠုဲ,
Waxpaper,စက္ခူပၠုဲ,
Wax cloth,ယာတ်ပၠုဲ,
Beeswax,ပၠုဲသာဲ,
Waxy,မက္တဵုဒှ်ဒေါသ,
Way,နဲကဲ၊ ဂၠံၚ်,
Way of life,ကွတ်လ္ၚတ်,
Waylay,ကြတ်ဗ္တိုက်ကေတ်ပ္ဍဲဂၠံၚ်,
Wayside,မဒှ်သ္ကဲဂၠံၚ်,
Wayward,မကၠောန်လေပ်ဗီုစိုတ်ဇကုဒှ်,
We,ပိုဲ,
Weak,မအောန်ကဵုဇြဟတ်,
Weak-kneed,မဍိုန်လျပ္ဍဲအစောံစရာဲမၞိဟ်,
Weakling,မၞိဟ်ဇြဟတ်အောန်,
Weakly,နဒဒှ်မဟၟဲကဵုပရေၚ်ထတ်ယုက်,
Weak-minded,မနွံကဵုစိုတ်ဍိုန်ဍိုန်လျလျ,
Weakness,ပြဝဒဒှ်ဇြဟတ်မအောန်,
Weal,ပရေၚ်ခိုဟ်စ,
Wealth,ပိုန်ဒြပ်,
Wealthy,မဂၠိုၚ်ကဵုဒြပ်ရတ်ထဝ်သြန်,
Wean,ထပိုတ်တှ်(ကောန်ၚာ်),
Weapon,လွဟ်လက်နက်,
Wear,ဗိုက်လ္တက်,
Wear a flower,စရှ်ပ္ကဴ,
Weary,မဍောၚ်ၜိုတ်,
Wearily,နဒဒှ်မဍောၚ်ၜိုတ်,
Weariness,ကွိုၚ်ကွုဲ,
Wearisome,မဒှ်သွက်ဂွံဍောၚ်ၜိုတ်ခိုဟ်,
Weasel,ဇၞးဇာတ်ဗ္တဂၠေံ,
Weather,ဥတုရာသဳ,
Weather-beaten,မနွံကဵုရုပ်ရဴကြံၚ်မ္ၚိုဟ် ဟိုတ်နူဒးလဝ်ဘဲဒဏ် ရာသဳဥတုဂၠိုၚ်လောန်အာ,
Weathercock,လဴမစၞောန်ထ္ၜးဂၠံၚ်ကျာကၠုၚ်,
Weather vane,ဗ္တကဗၠိက်လ္တူက္ဍိုၚ်ကျာ်,
Weave,တုတ်ယာတ်,
Weaver,သၟာတုတ်တ်,
Weave cloth,တုတ်ယာတ်,
Weaver-bird,ဂစေံတာ,
Web,သ္ၚိဇာ,
Webbing,ဇုက်ပၠာဂရတ်ဂၞိၚ်ကၠောန်တုတ်လဝ် မ္ၚိုဟ်ဟ်ကြံၚ်ၚ်,
Wed,သ္ပမ္ၚဵုထပ်တဲသၞက်ကရောဲ,
Wedding,ပေါဲသ္ပမ္ၚဵုထပ်တဲ,
Wedlock,ပြဝဒဒှ်မဒှ်တြုံဗြဴနဗဗွဲဓဝ်,
Wedge,ကၠာ်,
Wednesday,တ္ၚဲဗုဒ္ဓဝါ,
Wee,မသောဲဗြောဲ,
Weed,တၞံပံၚ်,
Weedy,မဒှ်သၠုၚ်ၚ်ဇြာဲဇြာဲညံၚ်ရဴကဗဂေါၚ်,
Week,မွဲအဒိုတ်,
Weekday,ပါဲနူတ္ၚဲသ္ၚိသဝ်ကဵုတ္ၚဲအဒိုတ်တုဲသှ်ေမသုန်တ္ၚဲဂှ်,
Weekend,တ္ၚဲသၠးတ္ၚဲသ္ၚိသဝ်ကဵုတ္ၚဲအဒိုတ်,
Weekly,ရိုဟ်အဒိုတ်,
Weep,လရိုအ်ယာံ,
Weeping,ဒဒှ်မလရိုအ်ယာံ,
Weevil,စၟသြောံ,
Weft,တောဝ်ကၠောဝ်,
Weigh,ကေဝ်လျိုၚ်,
Weigh(up)on,သကဵုလျိုၚ်ဇြိုၚ်,
Weight,လျိုၚ်,
Weighty,မနွံကဵုလျိုၚ်,
Weighing scales,သၠဒကေဝ်,
Weir,တာကၟိုန်၊ ဇဵု,
Weird,မဟွံသေၚ်ကဵုဗီုဓမ္မတာ,
Weirdly,နဒဒှ်မဟွံသေၚ်ကဵုဗီုဓမ္မတာ,
Welcome,ဒုၚ်တၠုၚ်နကဵုစိုတ်မိပ်ပ်ဇြိပ်ပ်,
Weld,ကၠောန်ဗ္စိန်,
Welder,မၞိဟ်ဆက်ဗ္စိန်,
Welfare,ပရေၚ်ကဵုသၠဲလး,
Well,ဍာ်ပလိုၚ်,
Well,မံၚ်စမိပ်၊ ထတ်ယုက်,
Well-being,ပြဝမဒှ်တသိုက်စိုတ် တသိုက်ကာယ,
Well-born,ကလျာဏ,
Well-connected,မဒှ်နာံမြိုၚ်ကလောကောဒေံမသခိုဟ်,
Well-disposed,မနွံကဵုဓဝ်စေတနာဓဝ်ညှာတာ,
Well-grown,မဖောံ,
Well-intentioned,မကၠောန်နကဵု စိုတ်စရိုတ်စေတနာခိုဟ်ဟ်,
Well-known,မဒယှ်ပြာကတ်,
Well-nigh,နဒဒှ်မကြပ်ဒှ်,
Well-off,မဒှ်တသိုက်စိုတ်,
Well-satisfied,မိပ်ဇြိပ်ရာၚ်ဆာဲ,
Well-timed,မဒှ်ဒၟံၚ်ကဆံၚ်အခိၚ်ဒးအခါဒး,
Well-tried,မဒှ်ပ္ဍဲဂတမတ်မစမ်ၜတ်ရံၚ်တုဲဒှ်အာချိုတ်တ်ပၠိုတ်တ်,
Well-trodden path,ဍာန်ထဗုတ်,
Well-worn,မဒဒှ်ေအာဟိုတ်နူမရပ်စပ်ဒၟံၚ်ထပ်ကဵုထပ်,
Wellingtons,ဒၞပ်ဍေၚ်လိုက်စဵုကဵုတၚ်က္ၜံၚ်,
Welsh,ပလီုကတိ,
Welt,စၞာံမဒုၚ်လဝ်သၟဝ်ဒၞပ်,
Welter,အကာဲအရာမထုဲဂရုဲမံၚ်,
Welter-weight,မဆေၚ်စပ်ကဵုလျိုၚ်မၞိဟ်တက်လက်ပၠုဲ,
Wench,သၟတ်ဗြဲသ္ပစဍိက်ညး,
Wend,အာစိုပ်,
Went,အာလဝ်တုဲ,
Wept,,
West,ဒိုဟ်ပလိုတ်,
Westerly,မနွံဒၟံၚ်လ္ပာ်ပလိုတ်,
Western,မကၠုၚ်နူလ္ပာ်ဖာပလိုတ်,
Westernize,ပၠောပ်ပြဝယေန်သၞာၚ်ဍုၚ်ပလိုတ်,
Westward,မပ္တဝ်က္ဍိုပ်ကဵုလ္ပာ်ပလိုတ်,
Westwards,နဒဒှ်မပ္တဝ်ဏာက္ဍိုပ် လ္ပာ်ဒိုဟ်ပလိုတ်,
Western continent,တ္ကအ်ပလိုတ်,
Wet,မဍုက်ဍေက်ဒၟံၚ်,
Wetting,ဒဒှ်မဍုက်ဍေက်,
Wet nurse,ၝဲဂမာ,
Wet rice,သြောံတက်ဇုက်ဗၞၚ်တုဲတဵု,
Wether,သဵုကၟက်ထမ္အး,
Whack,ဂဒုၜုၚ်ညံၚ်ရဴရမျာၚ်ဂွံတိတ်,
Whale,ကဗံၚ်ဗှ်,
Wharf,ဒဒန်,
Wharfage,ဒဒှ်မလုပ်ဒေါံပ္ဍဲဒဒန်ကၠောန်ဒုၚ်လဝ် သွက်ဂွံပ္တိုန်ဖျေံကပေါတ်,
What,မုရော,
Whatever,မုဒှ်ဒှ်,
Wheat,သြောံဂျုၚ်,
Wheaten,မကၠောန်လဝ်နကဵုခၞိက်ဂျုၚ်,
Wheedle,တောတ်အာတ်,
Wheel,သၠာ,
Cartwheel,သၠာကွဳ,
Wheeze,ဗြုဒၟံၚ်ခြဝ်ခြဝ်,
Wheezy,ယီုဗြုဒၟံၚ်နကဵုဗရုသၠေဟ်,
Whelk,ကၞုဒုတ်ဇၞော်မွဲဂကူ,
Whelp,ကောန်ယာဲတဟွံဝေတ်,
When,အခါကာလ,
Whenever,အခိၚ်လဵုဒှ်ဒှ်,
Whence,နူလဵု,
Where,ဒၞာဲလဵု,
Whereabouts,အပ္ဍဲဒၞာဲလဵု,
Whereas,ပ္ဍဲကဵုမွဲလ္ပာ်တေံပၠန်,
Wherefore,မုဟိုတ်,
Whereupon,ဟိုတ်နူသာ်ဂှ်,
Wherever,ဒၞာဲလဵုဒှ်ဒှ်,
Wherewithal,သၠုဲသၠာ်မနွံပၟိက်,
Wherry,ဂၠုၚ်ဂဒေါံအာသာသာ,
Whet,ချူပကေက်,
Whetstone,တၟံချူမြ,
Whether,ဟာ………..ဟွံဟာ,
Whey,တၟဟ်,
Which,အရာလဵု,
Whiff,ဒဒှ်မယီုပၠောပ်ညိညိညည,
While,အဃောဂှ်,
Whim,ကသပ်ချပ်ဂၞန်ဒၟံၚ်နးပး,
Whimper,ထအိက်လရိုဟ်ဒၟံၚ်,
Whimsy,ဒဒှ်မသၠေဟ်ချပ်ကေတ်ဒၟံၚ်ပ္ဍဲစိုတ်နးပး,
Whimsical,မတၟေၚ်တၟဟ်,
Whine,ဒဒှ်မလရိုအ်ယာံကရောတ်ကသဝ်,
Whip,လေံကလးကွဳ,
Whipping,ဒဒှ်မကဵုဒန်လေံၜဝ်,
Whir,ဗရုဗြုဒၟံၚ်ဝေဝ်ဝေဝ်,
Whirl,သကဵုဂေတ်ပူအာ,
Whirlpool,ဍာ်ဝဲ,
Whirlwind,ကျာမေလံၚ်,
Whisk,ပၞိက်ကၟဝ်,
Whisker,သော်ခၟိပ်သော်ကၞိၚ်,
Whisky,အရက်ဝဳသကဳ,
Whisper,ကသေဲ,
Whistle,ဗရုခရာ,
White,အရံၚ်သာ်ဗု,
White-robed acolyte,လမာတ်,
White rice,သ္ၚုသး,
Whiten,သကဵုကၟု,
White ant,ဂြုန်,
Whitewash,ဍာ်ခပဵုပၠာဲလဝ်သွက်ဂွံလံက်တိုက်,
White costus,သောပ်,
Whither,အလဵုအာဒၞာဲလဵု,
Whitlow,စၟယဲအိက်,
Whittle,လာ်,
Whiz,ရမျာၚ်ဗြုအာဝေဝ်,
Who,ညးဂှ်ရော,
Whoever,ညးဂှ်ဒှ်ဒှ်,
Whosoever,ယြဴညးမွဲ,
Whole,သီုဖအိုတ်,
Wholehearted,မနွံကဵုသီုစိုတ်သီုစရိုတ်,
Wholesale,အရာမဆောံသွံ,
Wholesome,မသကဵုထတ်ယုက်,
Wholly,အလုံမွဲသီုဖအိုတ်,
Whom,ကဵုညးဂှ်,
Whoop,ရမျာၚ်ကရေဲတိုန်ထတ်တ်,
Whooping cough,ယဲခ္ဍက်ကံၚ်,
Whose,သွက်ညးဂှ်,
Why,မူဟိုတ်,
Wick,ပရက်,
Wicked,မယုတ်မာၚံက်စၞာဲ,
Wickedly,ဗွဲမယုတ်မာကြံကြ,
Wickedness,ဒဒှ်မတ္ၚံက်စၞာဲ,
Wicker,ဇုက်ၜဝ်မထ္ပက်လဝ်ကပေါတ်,
Wickerwork,ဒလာၚ်,
Wicket,ပၞော်မဖံက်လဝ်ပ္ဍဲသ္ကဲတရၚ်,
Wide,မဇၞော်လှဲ,
Widen,သကဵုလှဲတိုန်,
Widespread,မသ္ဂောံဆဵုညာတ်ဒၟံၚ်ပ္ဍဲဒၞာဲပြးဇးနးပး,
Widely,ဗွဲမဂၠိုၚ်ဂၠေၚ်,
Widow,ဗြဴကၟာဲ,
Widower,တြုံကၟာဲ,
Width,ဒဒှ်မသၠဲလး,
Wield,ရပ်စပ်စကာ,
Wife,သမ္ဘာ,
Wig,သော်အလဳ,
Wiggle,သကဵုဓရိုက်ချဳဒရာၚ်,
Wild,အရိုၚ်,
Wildly,နဒဒှ်ဂြိုပ်အရိုၚ်,
Wildness,နဒဒှ်မဟွံဒဒှ်ေ,
Wildfire,ပၟတ်ဂြိုပ်မသၞာန်ကၠောံလောဲ,
Wild dog,ကၠဵုဂြိုပ်,
Wild duck,မာဒဵု,
Wild jasmine,မၠဵုဂြိုပ်,
Wild rice,သြောံအရိုၚ်,
Wilderness,ကန္တာရဗ္တဳ,
Wilful,willful,မဟီုဂးစဝါတ်
Wilfully,နဒဒှ်မကၠောန်အာ နကဵုအလိုက်စိုတ်,
Will,ဏောၚ်,
Will,စိုတ်မဖအောဝ်ဗတိုက်,
Willies,ပုၚ်ခၟောဟွံသ္အး,
Willing,မနွံပၟိက်,
Willingly,နဒဒှ်မနွံကဵုစိုတ်သီုကရိုတ်,
Willingness,ဒဒှ်နွံကဵုသီုစိုတ်သီုစရိုတ်,
Willow,တၞံမၚ်ဂြာဲ,
Willy-nilly,နဒဒှ်စိုတ်မပါကီုကဵုဒှ် ဟွံပါကီုကဵုဒှ်,
Wilt,သ္ၚိတ်ဇြ,
Wily,မနွံကဵုပြယာဲမာယာဗွဲမဂၠိုၚ်,
Win,ပြဝမပြိုၚ်ပ္ကာန်တုဲ အံၚ်ဇၞး,
Winner,မၞိဟ်အံၚ်ဇၞး,
Winning,မနွံကဵုဇြဟတ်တံၚ်ဂြဲ,
Winnings,သြန်ဂွံမာန်ကၠုၚ်နူကဵုဝိုၚ်ဝေၚ်,
Winning-post,တိုၚ်ပ္ကဴရန်တၟံ,
Wince,ဒညဖေက်အာ,
Winch,ရံက်ပ္တိုန်ဖျေံကပေါတ်မနွံကဵုလျိုၚ်,
Wind,ကျာ,
Windfall,သတ်ဆုမပြဟ်စှ်ေဟိုတ်နူဒးကျာ,
Windmill,စက်ကျာ,
Windpipe,ပၠံၚ်ဂၠံၚ်ယီုလုပ်ယီုတိတ်ကျာ,
Windward,မစွံလဝ်လ္ပာ်သ္ကဲကျာကၠုၚ်,
Windy,မနွံကဵုကဆံၚ်ကျာပိုက်ဒၟံၚ်ဝှုတ်တ်,
Wind,ဂေတ်ပူအာ,
Windlass,ကရောဲ,
Window,တရၚ်ဗ္တၚ်,
Window and shutter,သၠဗ္တၚ်,
Wine,အရၚ်ဝါၚ်,
Winepress,စက်သွက်ဂွံပတ်တ္ၚေတ်ပ္တိတ်ဍာ် သတ်မုဒြာတ်,
Wing,သၞေၚ်,
Winged,မနွံကဵုသၞေၚ်,
Winged animal,သတ်တၠသၞေၚ်,
Wink,ခရေပ်မတ်,
Winnow,ဖရဳသြောံ,
Winnowing basket,ကၞာဲ,
Winsome,မသ္ဒးသ္ဍိုက်ဆာန်စောဲလာံခိုဟ်,
Winter,ဥတုမုဟ်ကျာ,
Wipe,ဂဇိုတ်,
Wiper,အရာမဂဇိုတ်ထောံမသ္အးဇ္ၚး,
Wire,ဇုက်လောတ်,
Wiry,မထတ်မ္ၚိုဟ်ဗိုန်ဗတ်,
Wireless,လိက်မတက်ပလံၚ်ဗစိုပ် နနဲမဟၟဲကဵုဇုက်လောတ်,
Wise,မနွံကဵုလညာတ်ညာဏ်,
Wisdom,ပညာ,
Wiseacre,မၞိဟ်ပပၞလေပ်,
Wise,နဲကဲ,
Wish,သၟိက်မိက်ဂွံ,
Wishful,မနွံပၟိက်စၟဳဒၟံၚ်သွက်သ္ဂောံဂွံ,
Wishbone,ဇုတ်သြိုဟ်စာၚ်,
Wisp,စာံ၊ စန်သော်ချံက်,
Wistful,မဂွံသတိဗှ်သၞာ,
Wistfully,နဒဒှ်မဂွံသတိဗှ်သၞာ,
Wit,ဉာဏ်သမ္တီ,
Witticism,အရာမဟီုဂးသွက်ဂွံသမ္တီနကဵုဂလာန်ဂရိုၚ်,
Witty,မလေပ်ဟီုအရေဝ်ဂရိုၚ်,
Wittily,နဒဒှ်ဂလာန်ဂရိုၚ်သွက်ဂွံသမ္တီ,
Witch,ဂမုဲ,
Witchcraft,ဒဒှ်မစုတ်ဂဥုဲကဵုညး,
Witch doctor,အ္စာလွဳယဲပယောဂ,
Witchery,ဒဒှ်မရပ်စ နကဵုကွတ်ပညာဂမုဲ,
With,မွဲဟာန်,
With boldness,သီုမဂံၚ်သ္ကာ,
With respect,ညှာညှာတာတာ,
Withal,ပါဲနူဂှ်,
Withdraw,ဓဇက်ကေတ်လ္ပာ်လက္ကရဴ,
Withdrawal,ဒဒှ်မသကဵုဆုတ်ထောံ,
Withe,တၞာၚ်တၞံမၚ်ဂြာဲ သွက်သ္ဂောံစန်စအှ်ော,
Wither,သကဵုကှ်အေဲ,
Withered,ဓရ,
Withhold,စွံလဝ်ဟွံကဵုဏီ,
Within,အပ္ဍဲ,
Without,နဒဒှ်ဟွံပါ,
Withstand,ဒုၚ်တဝ်စၞေဟ်,
Witness,သက်သဳ,
Witticism,ဉာဏ်သမ္တီ,
Wittingly,နဒဒှ်မကဵုကသပ်ဗွဲတၟေၚ်,
Wives,သမ္ဘာဂမၠိုၚ်,
Wizard,အ္စာမှဝ်,
Wizened,မကှ်အေဲဇြဒၟံၚ်,
Wobble,သကဵုချဳဒရာၚ်အာဇဲဇဲဇာဲဇာဲ,
Woe,ပြဝမအောန်စိုတ်စံၚ်တူ,
Woke,ၚုဟ်,
Wolf,ကၠဵုကၠိၚ်,
Wolfram,ဖကောဝ်အဖၠိုက်လမ္စံက်,
Woman,မၞိဟ်ဗြဴ,
Womanhood,ဘဝမၞိဟ်ဗြဴ,
Womanish,မဗက်အာဗီုမၞိဟ်ဗြဴ,
Womanly,မဍိုက်ပေၚ်ကဵုအၚ်္ဂမၞိဟ်ဗြဴ,
Womb,ဂၠံၚ်ဂဝ်,
Won,ဇၞး,
Wonder,အသဝ်,
Wonderful,မခိုဟ်တဴသွက်သ္ဂောံသ္ပအံသဝ်,
Wonderment,ဒဒှ်မဒှ်အံသဝ်,
Wonderous,မခိုဟ်တဴသွက်သ္ဂောံသ္ပအံသဝ်,
Wonky,မဟွံခိုၚ်,
Wont,အခိုက်အလိုက်,
Wonted,ဗီုကၠောန်ဒၟံၚ်လၟိုန်,
Won’t,ရောၚ်ဟွံသေၚ်,
Woo,ကြေဝ်ဝုတ်,
Wood,ဆု,
Woodcut,တၞးကသူမပ္ဍဵုလဝ်ဗီုနကဵုဂတဵုပုတ်ဂၠတ်လဝ်ဗီု,
Woodwork,ကပေါတ်မကၠောန်လဝ်နကဵုဆု,
Wooded,မဓလီုမံၚ်နကဵုဂြိုပ်ဆု,
Wooden,မကၠောန်လဝ်နကဵုဆု,
Woodland,ဂြိုပ်ဆု,
Woodland spirit,ဗယိဂြိုပ်,
Wood-oil,ကၠေၚ်ဆုခယာၚ်,
Wood-apple,ဆုကွိက်,
Woodpecker,ဂစေံၜံက်ဆု,
Woody,မဓလီုဒၟံၚ်ကဵုဂြိုပ်ဆု,
Wool,ဇုက်သော်,
Woolen,မကၠောန်လဝ်နကဵုဇုက်တောဝ်တသော်သဵု,
Woolly,မကၠောန်လဝ်နကဵုတသော်သဵု,
Woolen cloth,ယာတ်တသော်သဵု,
Word,မအရေဝ်,
Wording,နဲကဲရပ်စပ်မအရေဝ်,
Wordy,မနွံကဵုအရေဝ်အပဵုဂၠိုၚ်,
Wore,လ္တက်,
Work,ကမၠောန်,
Workable,မဒှ်ဗီုဓမ္မတာ,
Workbag,တိုၚ်န,
Workbasket,တိုၚ်န,
Workbox,တိုၚ်န,
Worker,သၟာကမၠောန်,
Workman,သၟာကမၠောန်,
Wood worker,ဓဇဲ,
Workmanlike,မနွံကဵုကဆံၚ်သၟာကမၠောန်မစိုပ်ကဆံၚ်မွဲမွဲ,
Workmanship,အစောံစရာဲတဲ,
Work-shop,ရုၚ်ကမၠောန်,
Metal worker,ဓမာတ်,
Working,ကၠောန်ကမၠောန်,
World,ဂၠးတိ,
Worldly,ဆေၚ်စပ်ကဵုလိုက်,
Worm,ဗရုန်,
Worn,လ္တက်ကျိုၚ်ကျဝ်,
Worry,ဂွိၚ်စံၚ်တူ,
Worse,မပရေံတဴဗွဲမလောန်,
Worsen,သကဵုပဵုတုဲပရေံကၠုၚ်,
Worship,ဒးဒှ်မလ္ၚောဝ်ကျာ်,
Worshiper,မၞိဟ်စ္ၜုဲစ္ၜော်,
Worst,မဒှ်ပရေံအိုတ်,
Worsted,ဇုတ်တသော်သဵုမတ္ၜန်လဝ်,
Worth,မထေက်တန်,
Worthless,မဟွံမွဲကဵုၚုဟ်မး,
Worthlessness,ဒဒှ်မဟွံမွဲကဵုၚုဟ်မး,
Worthwhile,မထေက်ကဵုသ္ဒးဒုၚ်ဍောၚ်ၜိုတ်ဖအိုတ်အခိၚ်,
Worthy,မကြိုက်တန်,
Would,တုပ်will,
Wound,တုပ် wind,
Wound,သရ,
Wove,ရံၚ် weave,
Wow,ဒဒှ်မအံၚ်ဇၞးဇၞော်ကဵုဇြဟတ်,
Wrangle,ဂိုတ်ကယျာန်ဓဝါတ်ဒၟံၚ်,
Wrap,ရေတ်ပူ၊ ဂွဳစိုက်,
Wrath,မနောဒေါသ,
Wrathful,မသကဵုဒေါသတိတ်,
Wreak,မနောတိတ်လ္တူညးမွဲမွဲ,
Wreath,ဇၟန်,
Wreathe,ဝိုၚ်လဝ်,
Wreck,ဒဒှ်က္ၜၚ်လီု,
Wreckage,ကၞာတ်လီုလာ်,
Wren,ဂစေံကၞောတ်,
Wrench,ဒဒှ်မကဝဲဓဇက်မွဲဇြဟတ်,
Wrest,ဂဇေက်ပၠံၚ်ကေတ်,
Wrestle,တၞၚ်တဲ,
Wrestler,သၟာလက်ဗန်,
Wrestling,လက်ဗန်,
Wretch,မၞိဟ်မစိုပ်ဒၟံၚ်ဒဒိုက်,
Wretched,မစိုပ်ဒၟံၚ်ဒဒိုက်,
Wriggle,လီထညောံဒၟံၚ်,
Wring,ကဝဲဝတ်,
Wringer,စက်ဝတ်ဍာ်ယာတ်,
Wrinkle,ဒၞာဲတောံခညောံ,
Wrist,ကံတဲ,
Writ,လိက်အသံ,
Write,ချူခရက်,
Writer,မၞိဟ်ချူလိက်,
Writing,လိက်ချူကဵုတဲ,
Writhe,ထပိုတ်ဒၟံၚ်ဍတ်ဍတ်,
Wrong,မဗၠေတ်မှာ,
Wrong view,လညာတ်ဂတးအာ,
Wrongful,မဟွံစှ်ေကဵုဗဗွဲဓဝ်,
Wrongfully,နဒဒှ်မဒစဵုဒစးကဵုသၞောဝ်ဥပဒေ,
Wrongly,မှာမှာရာရာ,
Wrote,ချူ,
Wrought,မကၠောန်တက်ဒဒုၜုၚ်ပ္တိတ် နကဵုလေံဍံက်,
Wrung,ဝတ်,
Wry,မထညောန်ၜေဲဝက်ဒၟံၚ်,
Xenon,ဓာတ်မဟၟဲကဵုအရံၚ်အရာ,
Xenophobia,ဒဒှ်မဟွံမွဲပၟိက်ကဵုကောန်ဍုၚ်သ္အာၚ်,
Xhosa,ကောန်ဂကူမတန်တဴဒၟံၚ် ပ္ဍဲဌာန်ဒေသသၠုၚ်ကျာ တိုက်အာဖရိက,
Xmas,ခရေတ်သမာတ်,
x-ray,စက်တက်ဗီုနကဵုဓာတ်လျး,
xylophone,ဗာတ်တလာ,
Yacht,ဂၠုၚ်ပြိုၚ်သွတ်တန်အဇာ ကဆံၚ်သာသာ,
Yak,ဂၠဴတသော်ဂၠိၚ်ဂၠိၚ်တိဗိတ်မွဲဂကူ,
Yam,ကွာဲ၊ ကဒါတ်,
Yama,သၟိၚ်ယီု,
Yank,ဒဇေက်တံၚ်,
Yankee,ကောန်ဇာတိဒေသ နျူအေန်ဂလာန် ရးအမေရိကာန်,
Yap,ကဳဒၟံၚ်ဝုတ်ဝုတ် (ကၠဵု),
Yard,ဂေက်၊ ပေ,
Yard,ခရိုၚ်၊ ကၟာၚ်,
Yarn,ခၚ်တောဝ်,
Yawn,ဟာဒၟံၚ်,
Yaws,ယဲပူဏံက်,
Ye,မၞးတံ,
Year,သၞာံ,
Yearling,ကောန်သတ်တိရစ္ဆာန်မဂွံမွဲအခါပြၚ်,
Yearly,မစိုပ်ကၠုၚ်ရိုဟ်သၞာံ,
Yearn,လ္ၚပ်,
Yearning,ဒဒှ်မဂွံသတိစၟဳမံၚ်,
Yearningly,နဒဒှ်နွံပၟိက်ဆန္ဒဗွဲမသ္ကာတ်မြဟ်,
Yeast,မဂဥုဲ,
Yell,ကညာၚ်ကရေဲ,
Yellow,အရံၚ်ဍာ်မိတ်,
Yellow-banded,ဇြုံဇာတ်တၚ်,
Yellow bird,ဂစေံဍာ်မိတ်,
Yellow dye,ဍာ်ဗစိုတ်,
Yellow pumpkin,ခပဳထဝ်,
Yelp,ရမျာၚ်ကၠဵုလရိုအ်မံၚ်ၚေၚ်ၚေၚ်,
Yen,သၠုဲမရပ်စပ်စကာပ္ဍဲဍုၚ်ဂျပန်,
Yeoman,သၟာဗ္ၚမကၠောန်တိဗ္ၚဇကုကဵုဇကု,
Yes,ယွံ,
Yesterday,လက်ကနေံ,
Yesteryear,သၞာံအာတေံ,
Yet,ဏီ,
Yield,ဇဝ်ပ္ကဴသတ်သကဵုက္တဵုဒှ်တိုန်,
Yielding,မနွံကဵုဒးဒၟံၚ်စှ်ေဒၟံၚ်အခိုက်အလိုက်,
Yoke,ကၟး,
Yoke of oxen,ဂၠဴမွဲဒ္ၚောဝ်,
Yokel,ကောန်ဂြိုပ်,
Yolk,ခ္ဍန်ပ္ဍဲခၟာဲစာၚ်အဒါ,
Yonder,အတေံ,
Yore,အတိက်တေံ,
You,မၞး,
Your,ဂြပ်မၞး,
Yourself,ဇကုမၞး,
Young,မဍောတ်သွတ်,
Youth,သၟတ်,
Youthful,မဍောတ်သွတ်,
Yule,ပေါဲတ္ၚဲခရေတ်ဒှ်မၞိဟ်,
Zap,ပန်ဂစိုတ်ကဵုသၞာတ်,
Zeal,ဒဒှ်စိုတ်မထတ်,
Zealot,မၞိဟ်မနွံကဵုစိုတ်ထတ်သန်လောန်,
Zealous,မနွံကဵုစိုတ်ဓာတ်ထတ်တ်သန်သန်,
Zealously,နဒဒှ်မနွံကဵုဓာတ်စိုတ်ထတ်တ်သန်သန်,
Zebra,ချေံဍာပ်,
Zenith,ကၞောတ်အထောဋ်,
Zephyr,ကျာပြဳပြဳ,
Zero,သုန်ည,
Zest,ဒဒှ်ဓတ်မတိုန်ကၠုၚ်,
Zigzag,ဂၠံၚ်တရဴတ္ၚံက်က်တ္ၚေဲတ္ၚေဲ,
Zine,သောတ်,
Zip,ဗရုမကံတတ်အာ,
Zipper,ဇုက်သရေတ်,
Zodiae,စက်ရာသဳ(၁၂),
Zone,အပိုၚ်ခြာဒေသ,
Zoo,ဝေၚ်ကၠံရုၚ်ထ္ၜးပျးစသတ်တိရစ္ဆာန်,
Zoology,ကွတ်ပညာဗေဒသတ္တ,
Zoological,မဆေၚ်စပ်ကဵုဘာသာကွတ်ပညာဗေဒသတ္တ,
Zoologist,တၠပညာကွတ်ဗေဒသတ္တ,