English,Mon,Original_Definition
Jack ass,မာဲတၟက်,(n) jack ass.
Jack seed,မပၞဟ်,(n) jack seed.
Jack tree,တၞံပၞဟ်,"(n) jack tree, Artocarpus integrifolia L."
Jack tree,ပဏဟ်,"(n) [P./Skt. panasa] jack-fruit, jack tree, Artocarpus integrifolia L. [id] ပၞဟ်။"
Jack tree,ပဏဟ်,တၞံပၞဟ် (n) jack tree.
Jack tree,ပနဟ်,"1 (n) jack-fruit, jack tree, artocarpus integrifolia L. [id] ပၞဟ်။    တၞံပၞဟ် (n) jack tree.    ရိပၞဟ် (n) woody fibers running through centre of jack fruit. [Cf.] ပၞး။ [Skt. panasa]."
Jack tree,ပၞဟ်,"(n) jack-fruit, jack tree, Artocarpus integrifolia L."
Jack tree,ပၞဟ်,တၞံပၞဟ် (n) jack tree.
Jack-fruit,ပဏဟ်,"(n) [P./Skt. panasa] jack-fruit, jack tree, Artocarpus integrifolia L. [id] ပၞဟ်။"
Jack-fruit,ပနဟ်,"1 (n) jack-fruit, jack tree, artocarpus integrifolia L. [id] ပၞဟ်။    တၞံပၞဟ် (n) jack tree.    ရိပၞဟ် (n) woody fibers running through centre of jack fruit. [Cf.] ပၞး။ [Skt. panasa]."
Jack-fruit,ပၞဟ်,"(n) jack-fruit, jack tree, Artocarpus integrifolia L."
Jack-knife,ၜုန်သၞေၚ်စာၚ်,"(n) pen-knife, jack-knife, clasp-knife."
Jackal,ကၠဵုဃြုတ်,"(n) jackal, Canis aureus L., wild animal of Africa and Asia that is related to the dog."
Jacket,ဂတိုပ်,"(n) see ခတိုပ် (n) ဂတိုပ် (n) {of books and penodicals} front cover, jacket."
Jacket,ပလောံ,"ပလောအ် (n) upper garment, jacket, coat, shirt, shirt or jacket off any kind."
Jade,မၞိက်စၞာံဒုန်,(n) jade.
Jagged.  မစှေ်ဒၟံၚ်တပ်တပ်။,မနွံကဵုတၞုၚ်ကေက်ကေက်,"(adj) pointed, jagged. [id] မစှေ်ဒၟံၚ်တပ်တပ်။"
Jaggery,သ္ကဝ်,"2 (n) coarse sugar, jaggery."
Jaggery.  ကဝ်တာ။,သ္ကဝ်သတာ,"(n) palm sugar, coarse sugar prepared from palmyra sap, jaggery. [Cf.] ကဝ်တာ။"
Jail,ဂုက်,"(n) gaol, prison, prison cell, cage for prisoner, jail, lock-up. [Var.] ကြိုၚ်စုတ်လဝ်ပ္ဍဲခရိုၚ်၊ စာတ်၊ သ္ၚိစာတ်။ [Syn.] ထံၚ်။"
Jail,ထံၚ်,"1 (n) goal, jail, prison.    စုတ်ထံၚ် (v) to gaol, put in prison. [id] ပၠောပ်ထံၚ်၊ ဖျေံထံၚ်။ [Syn.] ဂုက်။"
Jailer,ဇမၞော်ထံၚ်,(n) jailer.
Jailer,အကြာပ်ထံၚ်,"(n) warder, jailer, person who works as a guard in a prison."
Jam,ယိုဟ်,"(v) preserved fruit, compote, jam, candied fruit, fruits preserved in sugar. [Cf.] ယိုဟ်သ္ၜန်။"
Jambudipa,ဇမ္ဗုဒိပ်,"(n) great island which is the home of the Eugenia tree and lies south of Mount Meru, Jambudipa, the southernmost of the four great islands including India."
Jambudipa,တကံ,တ္ကံကြေၚ် (n) Jambudipa.
Jambudipa,တကံ,"တ္ကံဇမ္ဗူဒိတ် (n) Jambudipa, great island which is the home of Eugenia tree and lies south  of Mount Meru."
Jammed,ကြေပ်,"(v) to be interposed between two surfaces, jammed, cramped."
January.  roughly corresponding to ဂိတုပုဟ်။,ဂိတုဂျိန်နျူအာရဳ,(n) [Eng.] January. [Mon] roughly corresponding to ဂိတုပုဟ်။
Japan lost the war,ကျ,ကျပါဂှ်ကျအာပၞာန် (v) Japan lost the war.
Japan.  ဂျပါန်။  ဂျာပါန်။,ဇပါန်,"(n) Japanese, Japan. [id] ဂျပါန်။ [Var.] ဂျာပါန်။"
Japanese,ဇပါန်,"(n) Japanese, Japan. [id] ဂျပါန်။ [Var.] ဂျာပါန်။"
Jar,စှ်ေ,"3 (n) jar {more especially a small jar}, small jar of demijohn shape."
Jar,နုၚ်ဓရဳ,"(n) jar, large storage jar for water."
Jar,ဗောတ်လိုအ်,"(n) pot, jar."
Jar for drinking-water,ဍာ်နုၚ်သွုၚ်,"(n) jar for drinking-water, drinking water pot."
Jar for drinking-water.  သုၚ်  to drink,သွုၚ်,ဍာ်နုၚ်သွုၚ် (n) jar for drinking-water. [Der.] သုၚ် (v) to drink.
Jar in general.  ဇရဳဇရ။  ကၠာၚ်၊ နုၚ်၊ ဗောတ်၊ ဒရဳ၊ ဓရဳ။,ဇရဳ,"ဇရဳအကြ (n) particularly large type of ဇရဳ။ [Der.] နုၚ်ထၟာဲ (n) house hold pottery, earthenware, jar in general. [id] ဇရဳဇရ။ [Cf.] ကၠာၚ်၊ နုၚ်၊ ဗောတ်၊ ဒရဳ၊ ဓရဳ။"
Jasmine,တၞံကမၠံ,တၞံကမၠမ် (n) jasmine.
Jasmine,မၠဵု,မၠိုဝ် (n) jasmine.
Jasmine.  တၞံကမၠံ၊ ပ္ကဴမၠဵု၊ မၠဵု၊ ဂလုံ။,ကဴမၠဵု,(n) jasmine. [id] တၞံကမၠံ(မ်)၊ ပ္ကဴမၠဵု(ဝ်)၊ မၠဵု(ဝ်)၊ ဂလုံ(မ်)။
Jasmine.  မုလဵု။,မၠဵု,ကဴမၠဵု (n) jasmine. [Cf.] မုလဵု(ဝ်)။
Jasmine.  မၠဵု။,မလဵု,(n) [P. Malika] jasmine. [id] မၠဵု(ဝ်)။
Jasminum grandiflorum l,မၠဵုဂြိုပ်,"(n) great flowered jasmine, Arbian jasmine, Jasminum smbac, jasminum grandiflorum L."
Jasminum grandiflorum shrub,စေဝ်,4 (n) မၠဵုစေဝ် (n) jasminum grandiflorum shrub.
Jasminum pubescens will denow,ဒလုံ,"(n) a kind of reed used for making mat, Clinogyne dichotomata, the many flowered jasmine, a kind of jasmine, a kind of creeper, jasminum pubescens will denow."
Jasminum pubescens will denow.  ဒလုံ  telum supra,ဒလောံ,"ဒလောံ(မ်) (n) a kind of jasmine, a kind of creeper, jasminum pubescens will denow. [Cf] ဒလုံ(မ်) (n) telum supra, sour gruel."
Jasminum pubescens willdenow.  ခပေဲါ၊ သ္ပောဲ။,ကပေဲါ,"(n) a kind of flowering creeper, Jasminum pubescens Willdenow. [id] ခပေဲါ၊ သ္ပောဲ။"
Jasminum pubescens willdenow.  ဒလုံ၊ မၠဵု။,ခလောံ,"ခလောံ(မ်) (n) a kind of creeper, Jasminum pubescens Willdenow. [Var.] ဒလုံ(မ်)၊ မၠဵု(ဝ်)။"
Jasminum smbac,မၠဵုဂြိုပ်,"(n) great flowered jasmine, Arbian jasmine, Jasminum smbac, jasminum grandiflorum L."
Jasper,မတ်သာ်တ္ၚေက်,(n) jasper.
Jaundice,ယဲဖျုန်သွဒှ်သာ်မိတ်,(n) jaundice.
Jaundiced.  မနွံကဵုစိုတ်ဟွံဒးကဵုညး။,မနွံကဵုစိုတ်တ္ၚံက်တ္ၚေဲ,(adj) jaundiced. [id] မနွံကဵုစိုတ်ဟွံဒးကဵုညး။
Java plum,ကြေၚ်ပိုၚ်,"(n) Eugenia jumbolara, Java plum."
Java plum,ကြေၚ်ဗ္တာၚ်,"(v) Java plum, Eugenia Jambolana Lamarck."
Java.  ဂျာဝါ။,ဇဝါ,(n) Java. [id] ဂျာဝါ။
Javanese,ဂလာဇဝါ,(n) Javanese.
Javelin.  ဗၞုဟ်ကၞံၚ်။    တ္ၚီုဗၞုဟ်  to thrust a spear at someone.    သၠောဝ်ဗၞုဟ်  to hurl a spear,ဗၞုဟ်,"1 (n) spear, lance, javelin. [id] ဗၞုဟ်ကၞံၚ်။    တ္ၚီုဗၞုဟ် (v) to thrust a spear at someone.    သၠောဝ်ဗၞုဟ် (v) to hurl a spear."
Jaw,ထမၚ်,"1 (n) jaw, {sides of} jaw. [id] ထၟၚ်။    ထၟၚ်ကၠိက် (n) mumps. [id] ထၟၚ်ဂုဟ်။    ထၟၚ်ခိုၚ် (n) lock jaw, tetanus. [id] ထၟၚ်ချိုတ်။ [Cf.] ထ္ၚေပ်၊ ထၟိပ်။"
Jaw,သၟၚ်,1 (n) {side of} jaw.
Jaw bone,ဇုတ်ခၟၚ်,"(n) jaw bone, mandible, lower jaw bone."
Jaw-tooth,ၚေက်အၚာပ်,"(n) back teeth, jaw-tooth, molars, double tooth, a grinder. [Syn.] အၚာပ်၊ ၚာပ်၊ လ္ၚာပ်။"
Jaw.  ထ္ၚေပ်။  first sense,ထၚေပ်,"(n) tongs, jaw. [id] ထ္ၚေပ်။ [Syn.] first sense, ထ္ကေပ်။ second sense, ထၟၚ်၊ တ္ၚေပ်။ [Der.] တ္ၚေပ် (v) to pinch. [id] ကေပ်။"
Jaw.  ထၟၚ်။    ထၟၚ်ကၠိက်  mumps.  ထၟၚ်ဂုဟ်။    ထၟၚ်ခိုၚ်  lock jaw,ထမၚ်,"1 (n) jaw, {sides of} jaw. [id] ထၟၚ်။    ထၟၚ်ကၠိက် (n) mumps. [id] ထၟၚ်ဂုဟ်။    ထၟၚ်ခိုၚ် (n) lock jaw, tetanus. [id] ထၟၚ်ချိုတ်။ [Cf.] ထ္ၚေပ်၊ ထၟိပ်။"
Jaws of death,တဲသၟိၚ်ယီု,(n) jaws of death.
Jay walker,မၞိဟ်ကၠောံဂၠံၚ်ဟွံကေတ်စေဝ်သၞောဝ်,(n) jay walker.
Jay.  ဟကာပ်။,အကာပ်,"(n) roller, blue or green jay, jay. [id.] ဟကာပ်။"
Jealous,စိုတ်စောန်ဒမြဴ,"(v) to be envious, jealous."
Jealous,စောန်,"(v) to be mottled, to be envois, jealous, to be anxious, lonely."
Jealous,စောန်ကၠိ,"(v) to be anxious, lonely, to be envious, jealous."
Jealous,စောန်စိုတ်,"(v) to be envious, jealous, be offended, be stingy, be miserly, be uncharitable. (adv) enviously, jealously. [id] ဟွံဒးစိုတ်၊ စောန်ဒမြဴ။"
Jealously.  နဒဒှ်မနွံကဵုစိုတ်တ္ၚံက်ဍုတ်ဍေဲ။,နဒဒှ်မနွံကဵုစိုတ်ဟွံသ္ဒးစိုတ်ညးတၞဟ်ဂွံခိုဟ်စ,(adv) jealously. [id] နဒဒှ်မနွံကဵုစိုတ်တ္ၚံက်ဍုတ်ဍေဲ။
Jealously.  ဟွံဒးစိုတ်၊ စောန်ဒမြဴ။,စောန်စိုတ်,"(v) to be envious, jealous, be offended, be stingy, be miserly, be uncharitable. (adv) enviously, jealously. [id] ဟွံဒးစိုတ်၊ စောန်ဒမြဴ။"
Jealousy,အစောန်စိုတ်,"(n) envy, jealousy, feeling of ill will at another’s better fortune."
Jealousy,ဣဿာ,"(n) [P.] envy, jealousy, ill-will. [id] အာဃာတ abhorrence. [id] ဒဒှ်မက္ဍုဟ်မၠေံဇအိုတ်ဇရ။"
Jealousy.  အစောန်အပြံက်၊ ဒဒှ်မတ္ၚံက်ဍုတ်ဍေဲလ္တူညးတၞဟ်။,ဒဒှ်မဟွံဒးစိုတ်ကဵုညးတၞဟ်သ္အာၚ်ခိုဟ်စ,(n) jealousy. [id] အစောန်အပြံက်၊ ဒဒှ်မတ္ၚံက်ဍုတ်ဍေဲလ္တူညးတၞဟ်။
Jeang mai.  ဇၚ်မာဲ။,ဇၚ်မှာဲ,(n) {place name} Jeang Mai. [id] ဇၚ်မာဲ။
Jeang rai,ဇၚ်ရာဲ,1 (n) {place name} Jeang Rai.
Jeep,ကာဂျိပ်,(n) [Eng.] jeep.
Jeer,ဂရိုၚ်ခရီု,"(v) mock, make fun of, ridicule, jeer, deride."
Jeer,စရဵု,"(n) ridicule, mock, jeer, deride. [id] စြဵု။"
Jeer,သ္ပပရေံ,"(v) make fun of somebody gibe, jeer, mock."
Jeer.  သ္ပစရဵု။,ပစရဵု,"(v) to mock, deride, ridicule, jeer. [id] သ္ပစရဵု(ဝ်)။"
Jeer.  သ္ပစရဵု။,ပစရိုဝ်,"(v) to mock, deride, ridicule, jeer. [id] သ္ပစရဵု(ဝ်)။"
Jelly,ဂြိုဟ်တၟံ,"ဂြိုဟ်တၟအ် (n) agar-agar, gelatin, jelly."
Jelly-fish,တု,"တုဂၚ် (n) jelly-fish, sea slug."
Jelly-fish,တုဂၚ်,"(n) jelly-fish, sea slug."
Jelly-soft,ခပေက်,"2 (v) puply, jelly-soft, weak, flaccid, doughy, mushy, marshy. [id] ဂပေက်၊ ထ္ပေက်။    ပုၚ်ထ္ပေက် (v) the rice become soft."
Jelly-soft,ချာချာ,"(adj) soft, pulpy, jelly-soft, flaccid."
Jelly-soft,ဂပေက်,"(v) see ခပေက် (v) pulpy, jelly-soft, weak, flaccid, doughy, mushy."
Jelly-soft,ထပေက်,"2 (v) to be soft. [id] ထ္ပေက်။    ပုၚ်ထ္ပေက်အာ (v) the rice become soft. (adj) pulpy, jelly-soft, weak, flaccid. [Var.] ဍိုန်။"
Jeopardize,စိုပ်ကၠုၚ်ကဆံၚ်ဒှ်အန္တရာဲ,"(v) jeopardize, -ise."
Jerk convulsively in the throes of death,ဒလူခၟိပ်,"(v) put out one’s chin as in a dance, (of the chin) jerk convulsively in the throes of death, point at something using one’s chin."
Jerkily,ခက်ခက်,(adv) jerkily.
Jerkin,ဂျာကေန်,(n) [Eng.] jerkin.
Jersey,ဂျာသဳ,(n) [Eng.] jersey.
Jess for poultry,ဒနက်,"1 (n) noose, fowler’s snare, jess for poultry, ambush. [id] ဒၞက်။    ပိုဲအာပံါစာၚ်ဂြိုပ်ကဵုဒၞက် (v) we are going to set snares for jungle fowl.    ဒက်စာၚ်ကဵုဒၞက် (v) to tether fowls by the leg.    ပးဒၞက် (n) snare. [Cf.] first sense, ခၟုဲ၊ ဇုက်ဒုက်၊ တေပ်၊ တီု၊ ပး၊ လျံ(အ်)။    [Der.] ဒက် (v) to bind."
Jess for poultry,ဒၞက်,"(n) noose, fowler’s snare, jess for poultry, ambush. [id] လယံ(အ်)"
Jest,စ,"5 (v) tease, jest, joke, make fun of, poke fun at, taunt."
Jest.  လ္ပပျိုၚ်။,ပပျိုၚ်,"(v) do not poke fun at, joke, jest. [id] လ္ပပျိုၚ်။"
Jet,မတ်မဟူရာ,"(n) jet, hard black mineral that can be polished brightly and used for jewellery."
Jet plane,က္ၜၚ်ကျာဂျိတ်,(n) jet plane.
Jet.  မတ်လမ္စံက်။,မတ်ပ္စံက်,(n) jet. [id] မတ်လမ္စံက်။
Jetavana,ဇေတဝန်,"(n) [P.] Jetavana, famous monastery in the time of Buddha."
Jetty,ခဒန်,"(n) bridge, jetty, wharf built on piles over water. [id] ဒဒန်။"
Jetty,ခဒန်,ဒဒန်က္ဍိုပ်ဂၠေံ(အ်) (n) jetty.
Jetty,စှ်ေ,"1 (v) to go down, descend {honorific}, to go, come.    ကရေၚ်မွဲစှ်ေကၠုၚ်နူဒဵု (v) a Karen come down from the hill.    ဍာ်စှ်ေ (v) low tide. [id] ဒဳစှ်ေ။    ဍေံပဒေါံကွဳတုဲစှ်ေတိ (v) he stopped the cart and go down.    မၞးစှ်ေဒုၚ်အဲပ္ဍဲရုၚ်ကွဳပၟတ်ဂှ် အဲတၚ်ဂုန်ရ (v) thank you for coming to meet me at the station final in (v) (phr.) expletive with (vv.) of falling.    ထၞောဟ်စှ်ေ (v) to drip.    ဒတုံစှ်ေ (v) to fall.    ဒေါံစှ်ေ (v) to fall down, otherwise directiona.    ဗက်စှ်ေဍာ် (v) to go down with the current.    ဗၠိုပ်စှ်ေ (v) to dive down.    ယဵုစှ်ေ (v) to breathe in.    သတ်စှ်ေအာ (v) to stick out and hang down. [Cf.] ဆၚ်၊ ဍုန်။ [opp.] တိုန်။    [Der.] ဒစှ်ေ (n) lower level.    သၞေဟ် (n) ghat, wharf, dock, pier, jetty, harbour, port, pontoon.    ဖျေံ (v) to lower."
Jetty,ဒဒန်,"(n) bridge, jetty, wharf built on piles over water, pier. [Der.] တာဲဒၟုက်က္ၜၚ် (n) wharf. [id] ခဒန်၊ ဒဒန်က္ၜၚ်ဗ္ဒိ။"
Jetty,ဒဒန်က္ဍိုပ်ဂၠေံ,(n) jetty.
Jewel,မနဳ,"(n) [P.] gem, jewel."
Jewel,မတ်,"1 (n) jewel, precious stone. [id] ရတ်၊ မၞိက်။"
Jewel,မၞိက်,"(n) gem, jewel, ruby. [id.] မတ်မၞိက်။"
Jewel,ရတ်,"1 (n) jewel, jewellery, precious stone, gem, anything precious, floor beam.    ပၞၚ်ရတ် (n) jewelled throne.    မတ်မနွံကဵုၚ္ၚုဟ်မး (n) precious stone. [Cf.] မတ်။"
Jeweler,ညးဗၞိက်သွံရာန်မၞိက်ရတ်,(n) jeweler.
Jeweler.  သၟာမတ်။,ခမှာတ်မတ်,(n) jeweler. [id] သၟာမတ်။
Jeweller,သၟာမတ်,"(n) jeweller, worker in gem. [id.] သၟာမၞိက်။"
Jewellery,ကယျိုၚ်ကယျဝ်,(n) jewellery.
Jewellery,ရတ်,"1 (n) jewel, jewellery, precious stone, gem, anything precious, floor beam.    ပၞၚ်ရတ် (n) jewelled throne.    မတ်မနွံကဵုၚ္ၚုဟ်မး (n) precious stone. [Cf.] မတ်။"
Jewellery or ornament used for personal adornment,ကပေါတ်ကယျိုၚ်,"(n) ornaments, jewellery or ornament used for personal adornment."
Jewish feast of the passover,ပေဲါပသာခါ,(n) Jewish feast of the Passover.
Jewish feast of the passover   ပေဲါပသခါ။  jewish rabbi.   ပရောဟိတ်ယတ်။,Jewish,"adj.  မဆေၚ်စပ်ကဵုဂကူရဟူဒဳ, ဂကူဟေဗြေဝ်, ဂကူဂျူ။  Jewish Feast of the Passover (n)  ပေဲါပသခါ။  Jewish rabbi. (n)  ပရောဟိတ်ယတ်။"
Jewish priest,ပရောဟိတ်ယတ်,"(n) Jewish rabbi, Jewish priest."
Jewish rabbi,ပရောဟိတ်ယတ်,"(n) Jewish rabbi, Jewish priest."
Jiggery,ကဝ်တာ,"(n) coarse sugar prepared from Palmyra sap, jiggery."
Jiggery.    ကဝ်ဗာတ်  sandpaper.    ကဝ်လပှ်  to break off.  တကောတ်။    ကဝ်ၜဴ  molasses,ကဝ်,"1 (n) coarse sugar, viscid substance, pulp, paste, glue, syrup, residue obtained by evaporation. [id] ထၜိုတ်။    ကဝ်ကၠောန်စက္ခူ (n) paper pulp.    ကဝ်တာ (n) coarse sugar prepared from Palmyra sap, jiggery.    ကဝ်ဗာတ် (n) sandpaper.    ကဝ်လပှ်(ဟ်) (v) to break off. [Cf.] တကောတ်။    ကဝ်ၜဴ (n) molasses, cane sugar, coarse sugar made from sugarcane, brown slab-sugar made from sugarcane."
Jiggery.    ဂၠဴတာ  palmyra fruit colour cow,တာ,"1 (n) Palmyra, toddy palm, the fan palm palmyra, Borassus flabellifer L.    ကဝ်တာ (n) palmyra sugar, jiggery.    ဂၠဴတာ (n) palmyra fruit colour cow, light blue colour cow.    ကၠဴတာ (n) flower of male palmyra.    ဍာ်တာ (n) palm toddy.    တၞံတာ (n) palmyra.    ဗ္ဂဲတာ (n) ginger cat."
Jingle,ခြေဲ,"(v) to be dry complete. [Der.] ခရေဲ (n) small bell, jingle."
Jingphaw,ဂျိန်ဖဵု,"(n) Jingphaw, one of Kachin ethnic groups inhabiting the Kachin State, Katha region and northern parts of the Shan State. {also သိၚ်ပဝ်}, ဂျေန်ပဝ်။"
Jiung kyaik ,ဇိုၚ်ကျာ်,"(n) {place-name}. Jiung kyaik {Bur, Zingyaik}."
Jivika plant,ဇဳဗ္တာၚ်,(n) jivika plant.
Jivika plant,တၞံဇဳဗ္တာၚ်,(n) Jivika plant.
Job,ကမၠောန်,"(n) work, royal attendants, female attendants, occupation, business, enterprise, task, job, caller, calling."
Jobi. l,မာ်,"2 (n) Job’s tears {plant}, Coixlochryma, Jobi. L."
Jobi. l,မာက်,"2 (n) Job’s tears {plant}, Coixlochryma, Jobi. L."
Job’s tears,တၞံမာ်,(n) Job’s tears.
Job’s tears,မမာ်,(n) Job’s tears.
Job’s tears,မာ်,"2 (n) Job’s tears {plant}, Coixlochryma, Jobi. L."
Job’s tears,မာက်,"2 (n) Job’s tears {plant}, Coixlochryma, Jobi. L."
Jock itch,ဂျတ်,"(n) gym itch, jock itch, tinea cruris."
Join,ပဂပ်,"(v) to put together, to set up, join, to harness, to mend, unite, connect, prepare. [id] ဗ္ဂပ်။"
Join hands with,တခံက်တဲ,"(v) join hands with, ally oneself to."
Join hands.  ခၟောံတဲ။,ခမှောံတဲ,(n) join hands. [id] ခၟောံတဲ(ယ်)။
Join or clasp,ဂၚ်,"3 (v) entwine, interlace, join or clasp {hand}, to be caught in falling.    ဍေံဒတုံစှ်ေနူလ္တူဆု ဂၚ်ဒၟံၚ်လ္တူတၞာၚ်မွဲ (v) he fell from the top of the tree and was caught on a branch. [Cf.] ခက်။    [Der.] လ္ကဲ (n) be caught in falling."
Join together,ဆန်,"(v) to bind, join together, to compose {literary work}, to write, compose metre, poetical measure, literature."
Join with glue,ဗာန်လဝ်,"(v) to apply or stick on anything that is meant to remain, join with glue, make something adhere to. [id] ကရပ်လဝ်၊ ဖ္ဍာပ်၊ ဖ္ဍာပ်လဝ်။"
Joining,ဗစပ်,"2 (n) joining, union, thought, intention. [id] ဗ္စပ်။"
Joining,အစပ်,"(n) joining, place where two edges meet, union, being joined."
Joint,တၚ်,"1 (n) joint, section between two joints, stalk.    ဇုက်တၚ် (n) bone with knuckled end. [Cf.] တာၚ်၊ တဝ်၊ ထာၚ်၊ ပ္ၚပ်။    တၚ်ကာန် (n) stock of flax."
Joint,အဆက်,"(n) succession, lineage, descent, joint, the place where two things are joined. [id.] ဂကောံအရာမဆက်က္တဵုဒှ်ကၠုၚ်၊ ဒဒှ်မဆက်ကၠုၚ်။"
Joint ,အဆက်ဇုတ်,(n) joint {of bone}.
Joint of bamboo,တၚ်ဒုန်,(n) joint of bamboo.
Joint of bamboo used for holding things.    ဍာ်ဍေၚ်  bamboo water pot,ဍေၚ်,3 (n) joint of bamboo used for holding things.    ဍာ်ဍေၚ် (n) bamboo water pot.
Joint of bone,ပ္ပပ်ဇုတ်,(n) joint of bone.
Joint of buffalo’s hind leg,ဂနေဟ်,ဂၞေဟ်ပြေၚ် (n) joint of buffalo’s hind leg.
Joint of buffalo’s hind leg.  ဒၞေဟ်။,ဓနေဟ်,ဓၞေဟ်ပြေၚ် (n) joint of buffalo’s hind leg. [Syn.] ဒၞေဟ်။
Joint venture.  jointly,ဖက်ကၠောန်,(v) joint venture. (adv) jointly.
Joint.  တၚ်၊ ထာၚ်။ nasal form of ဗ္ဂပ်  to join,ပ္ၚပ်,(n) joint. [Cf.] တၚ်၊ ထာၚ်။ nasal form of ဗ္ဂပ် (v) to join.
Joint.  ပ္ၚပ်။,ပၚပ်,(n) joint. [id] ပ္ၚပ်။
Jointly.  ပံၚ်ဖက်တုဲ၊ ပံၚ်ဖျပ်တုဲ။,နဒဒှ်မပံၚ်စပ်ဒၟံၚ်,(adv) jointly. [id] ပံၚ်ဖက်တုဲ၊ ပံၚ်ဖျပ်တုဲ။
Joke,ခဍုတ်,"(v) to tease, Joke, play about. [id] ခ္ဍုတ်၊ ထ္ဍုတ်။"
Joke,ခ္ဍုတ်,"(v) to tease, Joke, play about. [id] ထ္ဍုတ်။"
Joke,စ,"5 (v) tease, jest, joke, make fun of, poke fun at, taunt."
Joke,ဇွောံသ္ဒးဂြိုၚ်,"(n) joke, humorous speech or act."
Joke,ထလိန်,"(v) tease, joke, make fun of, to mislead."
Joke,ထ္ဍုတ်,"(v) to tease, joke, play about."
Joke,ပပျိုၚ်,"(v) do not poke fun at, joke, jest. [id] လ္ပပျိုၚ်။"
Joke.  ဒၟာနူ။,ဓၟက်,"(v) play with. (adj) jest, joke. [id] ဒၟာနူ။"
Joker ,ဂျဝ်ကာ,(n) [Eng.] joker {of playing carts}.
Jokingly.  ဒၟက်ထ္ဍုတ်။,ဓၟက်ထ္ဍုတ်,"(adv) playfully, jokingly. [id] ဒၟက်ထ္ဍုတ်။"
Jollification.  သ္ဘၚ်၊ သ္ဘၚ်ပေဲါသုၚ်စမိပ်ဇြိပ်ဝေၚ်ဂြိုၚ်။  ပေဲါ၊ ဘၚ်၊ သ္ဘၚ်။,လ္ဗၚ်,"(n) festival, jollification. [id.] သ္ဘၚ်၊ သ္ဘၚ်ပေဲါသုၚ်စမိပ်ဇြိပ်ဝေၚ်ဂြိုၚ်။ [Cf.] ပေဲါ(ယ်)၊ ဘၚ်၊ သ္ဘၚ်။"
Jolt,ဗချဳ,"(v) to shake, jolt, move about vigorously."
Joss-house,ဘာဂကောံ,"(n) Chinese communal temple, joss-house, Chinese fraternal society built around a communal temple."
Joss-house,သ္ၚိဂကောံ,"(n) see ဘာဂကောံ(မ်)။ Chinese communal temple, joss-house."
Jottings,လိက်သမ္တီ,"(n) jottings, note, directive, record of ancient tradition and customs, treatise, monograph."
Journal,ဂျာနေဝ်,(n) [Eng.] journal.
Journalism,ကွတ်လိက်ပရိုၚ်,(n) journalism.
Journalist,အ္စာလိက်ပရိုၚ်,"(n) newspaperman, journalist."
Journey,ကရဴ,"1 (n) journey, way, route. [id] တရဴ။    အာတရဴ (v) to go on a journey.    အာတရဴသၟတ် (v) to go and urinate. [id] အာတရဴဍောတ်။    ဂၠံၚ်တရဴကွာန်ယိုက် (n) the way to Kwarn Yuig.    ပိုဲဇူမံၚ်ဒေါဝ်တရဴဍုၚ် (n) we were resting on the way into town.    ဘာ်တရဴ (n) halfway.    ပၠတရဴ (v) to show the way.    တရဴမွဲတ္ၚဲ (n) a day’s journey."
Journey,တရဴ,"3 (n) journey, way, route, road.    အာတရဴ (v) to go on a journey.    အာတရဴသၟတ် (v) to go and urinate. [id] အာတရဴဍောတ်။    ဂၠံၚ်တရဴကွာန်ယိုက် (n) the way to Kwanyuig.    ပိုဲဇူဒၟံၚ်ဒေါဝ်တရဴဍုၚ် (n) we were resting on the way to town.    ပၠးတရဴ (v) to show the way. [id] ပၠတရဴ။    ဘာ်တရဴ (n) halfway."
Journey,တြဴ,"1 (n) journey, way, road, route.    အာတြဴ (v) to go on a journey.    အာတြဴသၟတ် (v) to go and urinate. [id] အာတြဴဍောတ်။    ဂၠံၚ်တြဴကွာန်ယိုက် (n) the way to Kwanyuig.    ပိုဲဇူမံၚ်ဒေါဝ်တြဴဍုၚ် (n) we ware resting on the way into town.    ပၠတြဴ (v) to show theway.    ပၠးတြဴ (v) to extend the journey.    ဘာ်တြဴ (n) halfway."
Joviality,ဒဒှ်မနွံကဵုညာန်က္တဵုဝေၚ်ဂရိုၚ်,(n) joviality.
Joy,ဒဒှ်မအိုတ်တၟိုဟ်,"(n) joy, happiness."
Joy,ပသာတ်,"(n) [P. pasado] brightness, joy, serenity of mind, feeling of great happiness. [id] ပသာတ်စိုတ်။"
Joy,ပဳတိ,"(n) [P.] joy, delight, euphoria."
Joy,မိပ်,"1 (n) happiness, joy, enjoyment.    မိပ်စိုတ် (v) be glad, be happy, rejoice, be elated.    ကာလဂှ်ကောန်ၚ္ၚာ်ဂမၠိုၚ် သီုကဵုမိပ်စိုတ်တက်တဲသေဲသေဲ(ယ်) (v) then all the boys together clapped their hands for joy.    စကဵုမိပ် (n) good appetite!"
Joy,သောမနဿ,"(n) joy, gladness. [Cf.] ဒေါမနဿ။"
Joy and gladness,ပဳတိပါမောဇ္ဇ,"(n) [P.] joy and gladness, happiness. [id] ပဳတိမောဇ္ဇ၊ ပဳတိပါမတ်၊ ဒဒှ်မဒှ်လၟုဟ်စိုတ်၊ လၟုဟ်စိုတ်၊ သုခ။"
Joy that come like a sudden shock,ပဳတိမသုန်သာ်,"(n) the five kinds of joy, namely, slight joy, momentary joy, joy that come like a sudden shock, transporting joy and all pervading joy."
Joyful,မနွံကဆံၚ်သွက်ဂွံမိပ်ဇြိပ်ခိုဟ်,(adj) joyful.
Joyful,အိုဟ်တၟိုဟ်စိုတ်,"(adj.) joyful, happy."
Joyfully,သီုမအိုဟ်တၟိုဟ်,(adv) joyfully.
Joyfully.  ဆောဝ်လံ၊ နဒဒှ်မနွံကဵုအရာမမိပ်ဇြိပ်က္ဍိုက်က္ဍိုက်ပေၚ်ပေၚ်၊ အိုဟ်တၟိုဟ်၊ သီုမအိုဟ်တၟိုဟ်။,ဆံလံ,"(adv) when, joyfully. [id] ဆောဝ်လံ(အ်)၊ နဒဒှ်မနွံကဵုအရာမမိပ်ဇြိပ်က္ဍိုက်က္ဍိုက်ပေၚ်ပေၚ်၊ အိုဟ်တၟိုဟ်၊ သီုမအိုဟ်တၟိုဟ်။"
Joyous,မတၟုဲတဴကဵုသွက်သ္ဂောံမိပ်ဇြိပ်,(adj) joyous.
Joyously,မိပ်မိပ်ဇြိပ်ဇြိပ်,"(v) joyously, happily."
Jroap,ဇြပ်,"(n) wayside public rest-house, rest-house build on sacred premises, public rest-house, rest-house, building, shelter, with open sides, erected for use of travelers at monastery or pagoda or by roadside, often also used as parish hall, jroap, dharamsala. {place-name}. ဇြပ်ဗု (n) Jroap Bu {Bur. Thanphyujarat}."
Jubilation,ဒဒှ်မမိပ်ဇြိပ်ဒံၚ်ထလာ်,(n) jubilation.
Judge,ဂကိုပ်ဗ္စာ,(n) judge.
Judge,တလ,တၠသၞောဝ် (n) judge.
Judge,ထကိုပ်,ထ္ကိုပ်သ္စာ (n) judge.
Judge,ဒဂူ,"(v) to be straight, to be straightforward, to be opposite, simple, to be honest, righteous, upright, judge, to be tame, to keep straight."
Judge,သ္ကိုပ်သ္စာ,(n) judge.
Judge.  ဖျေံအသံ။,ဗစာ,သ္ကိုပ်ဗ္စာ (n) judge. [Cf] ဖျေံအသံ(မ်)။
Judge. [id ဒကိုပ်ဗ္စာ၊ ဒကိုပ်ဗ္စာသ္ဂုတ်သွာတ်အမှု။,ဒကိုပ်သ္စာ,(n) judge. [id ဒကိုပ်ဗ္စာ၊ ဒကိုပ်ဗ္စာသ္ဂုတ်သွာတ်အမှု။
Judgement,ကောပ်,"1 (n) judgement, decision, arbitration, resolution. [id] ကောပ်တဲ(ယ်)။"
Judgement,ကောပ်တဲ,"(n) judgement, rule."
Judgement,လိက်ထောံရာန်,"(n) {obs} judgement, decree, document of divorce, divorce paper."
Judgement,အကောပ်,"အကောပ်အဝဲ (n) condemnation {ဒဒှ်မဟီုဖျေံကဝု (n) speak ill of other}, judgement, command and control {as in army}."
Judgement,အစဳအရေၚ်,"(n) orders, arrangements, instructions, judgement, plan, preparation."
Judgement,အရေၚ်,"(n) see အစဳအရေၚ် (n) orders, arrangements, instructions, judgement, plan, preparation."
Judgement or decision ,ဝိနိစ္ဆယ,(n) [P.] judgement or decision {in religious matters}.
Judgement-seat,ပၞၚ်ဓဝ်,"(n) pulpit in form of raised seat with tiered canopy and steps giving access, judgement-seat, preaching throne. [id] ခုၚ်ဇမၞော်ဂဗုတ်။"
Judgment,ပတုဲ,"2 (n) decision, judgment, arbitration, resolution. [id] ပ္တုဲ(ယ်)။"
Judgment,ပတုယ်,"2 (n) decision, judgment, arbitration, resolution. [id] ပ္တုဲ(ယ်)။"
Judgment,ပြဒ္ညာ,"(n) [Skt. Prajan] judgment, intelligence, understanding, wisdom, knowledge."
Judicial penalty,ရာဇာဒန်,(n) [LF] judicial penalty.
Judicial penalty.  criminal,ရာဇာဝတ်,"(n) [P. raja vatta] duty of king, the duties of the ruler, kingly duties and morals, law of state, royal edict, judicial penalty. (ajd) criminal."
Judo,ဂျူဒဝ်,(n) [Eng.] judo.
Juggler,ညးမဒလုမတ်,"(n) juggler, conjuror, magician."
Juggler,လၟေံ,"လၟေမ် (n) dicer, gambler, juggler."
Juggler,လၟေမ်,"(n) dicer, gambler, juggler."
Juggler,လၟေံ,3 လၟေအ် (n) {obs} juggler.
Juggler,လၟေအ်,3 (n) {obs} juggler.
Juggler,အ္စာဒမၠုမတ်,"(n) conjurer, juggler."
Juggler.  အ္စာဒမၠုမတ်၊ အ္စစာဗ္ဂေတ်မတ်၊ လၟေံပါသ်၊ လၟေဟ်။,အ္စာလှန်မတ်,"(n) conjuror, conjurer, magician, juggler. [id.] အ္စာဒမၠုမတ်၊ အ္စစာဗ္ဂေတ်မတ်၊ လၟေံပါသ်၊ လၟေဟ်။"
Juice of the nipa or dwarf palm tree,ဍာ်ကၞိ,"(n) toddy made from sap of Nipa fruticans palm, juice of the nipa or dwarf palm tree."
Juicy,မနွံကဵုဍာ်,"(adj) succulent, juicy."
Juicy.  မပေၚ်ထာတ်ဒၟံၚ်ကဵုဍာ်။,မနွံကဵုဍာ်ဂၠိုၚ်ဂၠိုၚ်,(adj) juicy. [id] မပေၚ်ထာတ်ဒၟံၚ်ကဵုဍာ်။
Jujube fruit,သတ်ဗဒဝ်,(n) jujube fruit.
Jujube plum,ဗဒဝ်,"1 (n) {Skt/P. Badara} a kind of plum, plum, jujube plum, Zezyphus jujube Lamarck. [id] ဗ္ဒဝ်။    ဗ္ဒဝ်ကြုက် (n) litchi, peach, apricot, round juicy fruit with downy yellowish red skin and a rough stone seed.    ဗ္ဒဝ်ဇာတ် (n) variety of jujube.    ဗ္ဒဝ်လမ္စံက်ကြုက် (n) damson.    မြၚ် (n) variety of plum."
July.  rougly corresponding to ဂိတုဒ္ဂိုန်။,ဂိတုဂျူလာၚ်,(n) [Eng.] July. [Mon] rougly corresponding to ဂိတုဒ္ဂိုန်။
Jumna river,ယမုနာ,(n) Jumna river.
Jump,ဆၚ်စှ်ေ,"(v) to get, jump, down {into}."
Jump,ထလာ်,"(v) skip, to leap, jump."
Jump,သၠာ်,"1 (v) to leap, jump, skip.    ဍေံသၠာ်စှ်ေနူတၞံဆု (v) he jumped down out of the tree.    ဗ္ၜေံသၠာ်(က်) (v) the goat skipped. [Cf.] ကထေံ(အ်)၊ ကၟာပ်၊ စၠာ်(က်)၊ ထၠာ် (v) ဒံၚ်၊ မာပ်၊ ယူ။"
Jump,သၠာက်,"1 (v) to leap, jump, skip.    ဍေံသၠာ်စှ်ေနူတၞံဆု (v) he jumped down out of the tree.    ဗ္ၜေံသၠာ်(က်) (v) the goat skipped. [Cf.] ကထေံ(အ်)၊ ကၟာပ်၊ စၠာ်(က်)၊ ထၠာ် (v) ဒံၚ်၊ မာပ်၊ ယူ။"
Jumped in the water,ဆၚ်စှ်ေဍာ်,(v) jumped in the water.
Jumper,သွိတ်တာ,"(v) [Eng.] sweater, jumper, pull-over, cardigan."
Junction,ဂၠံၚ်တတ်,"(n) junction, intersection, crossroads."
Junction,ထာၚ်,"(n) junction, fork, division of stem. [Cf.] ဂါပ်၊ စိၚ်၊ တၚ်၊ ပ္ၚပ်၊ သွာၚ်၊ ဝှာၚ်။"
Junction,ဒစပ်,"(n) junction, agreement."
Junction,ယောဂ,"(n) [P.] junction, attachment."
Junction of nerves or arteries,ထာၚ်ကတေၚ်,(n) junction of nerves or arteries.
June.  roughly corresponding to ဂိတုဇှ်ေ။,ဂိတုဂျုန်,(n) [Eng.] June. [Mon] roughly corresponding to ဂိတုဇှ်ေ(ဟ်)။
Jungle,ဂသဵု,"ကသဵုဂြိုပ် (n) bush, jungle."
Jungle,ဂြိုပ်,"(n) forest, jungle, foll-names of animals often wild, timber land. [id] ဌာန်ဒေသတိဍာ်ဆုဂကူတိုန်။"
Jungle,ဝနာ,(n) [P.] jungle.
Jungle,အရည,"(n) jungle, forest."
Jungle,အုပ်,"2 (n) block, billet, of wood, jungle, bush, thicket."
Jungle creeper,ဇုက်ဂြိုပ်,(n) jungle creeper.
Jungle crow,ခ္ဍာ်အရိုၚ်,"(n) jungle crow, Corvus macrorhynchos Waler. [id] ခ္ဍာ်ဂြိုပ်၊ ခ္ဍာ်သၟိၚ်ရာံ(မ်)၊ ခ္ဍာ်ဗၞံၚ်။"
Jungle crow,အရိုၚ်,ခ္ဍာ်အရိုၚ် (adj.) jungle crow.
Jungle fever,ဇွဟ်ဂစေံ,"(n) jungle fever, malaria."
Jungle fever,ယဲတ္ၚေက်,(n) jungle fever.
Jungle fever.  ဇွဟ်ဍိုၚ်။,ဇွဟ်ဂြိုပ်,(n) jungle fever. [id] ဇွဟ်ဍိုၚ်။
Jungle fowl,စာၚ်ဂြိုပ်,"(n) jungle fowl, Gallus gallus spadiceus Banaterre. [id] စာၚ်ဍေဝ်၊ စာၚ်အရိုၚ်။"
Jungle fowl.  စာၚ်ဂြိုပ်။,စာၚ်ဍေဝ်,(n) jungle fowl. [Syn.] စာၚ်ဂြိုပ်။
Jungle-fowl.    ဍိုပ်ဍေဝ်  butterfly,ဍေဝ်,2 (n) စာၚ်ဍေဝ် (n) jungle-fowl.    ဍိုပ်ဍေဝ် (n) butterfly.
Jungle.    ဟီုဂြိုပ်ဟီုဂၞိၚ်  the talks through forest and jungle,ဂၞိၚ်,"2 (n) {rare} jungle.    ဟီုဂြိုပ်ဟီုဂၞိၚ် (n) the talks through forest and jungle, he talks all the time. [Syn.] ဂြိုပ်။"
Junior division,အာယုက်အဇာအဒေါဝ်,"(n) {sport} junior title, junior division."
Junior monk appointed to supervise feeding arrangements of monastery,ဒကာရုၚ်,"(n) junior monk appointed to supervise feeding arrangements of monastery, steward, a monk appointed to arrange for meals."
Junior monk appointed to supervise feeding arrangements of monastery steward,ထကာရုၚ်,(n) junior monk appointed to supervise feeding arrangements of monastery steward.
Junior officer in charge of forest conservation,ပၟၚ်ပၟဲဂြိုပ်,"(n) forester, junior officer in charge of forest conservation."
Junior title,အာယုက်အဇာအဒေါဝ်,"(n) {sport} junior title, junior division."
Junja shrub,ပံၚ်မ,"2 (n) junja shrub, Abrus preactorius. [id] တၞံအုပ်ရာပ်  (n) shrub."
Junk,ကာတ်,"ကာတ်တူ (n) a kind of large boat, junk."
Junk,ကာတ်တူ,"(n) a kind of large boat, junk."
Junketing.  ပေဲါသုၚ်စ။,ဒဒှ်မစသုၚ်ဝေၚ်ဂြိုၚ်,(n) junketing. [id] ပေဲါသုၚ်စ။
Junta,အလဵုအသဳပၞာန်,"(n) junta, dictatorship, military government."
Jurisdiction.  နေဝ်၊ ပွဳပွိုၚ်။,ခန်လွာ,"(n) abode, dwelling place, domain, part of a state, territory, jurisdiction. [id] နေဝ်၊ ပွဳပွိုၚ်။"
Jurist prudence.  instruction,ဥပဒေ,"(n) [LF] law, jurist prudence. [P. upadeas] instruction, guidance."
Juror,ဇမၞော်ဂျူရဳ,(n) [Eng.] juror.
Jury,ဂျူရဳ,(n) [Eng.] jury.
Jury-rigged to a sailing boat to take advantage of a favourable current,ယာဍာ်,"(n) under water sail of bamboo matting, jury-rigged to a sailing boat to take advantage of a favourable current."
Just,ညံၚ်ညံၚ်,"(adv) just, slightly, part, particle suffixed to a noun to denote close or deceptive resemblance {equivalent in usage to adverbs “like, as though”}."
Just,ဒကူ,"(v) to be straight, to be straightforward, simple, to be honest, righteous, up-right, just, to be tame, to keep straight. [id] ဒဂူ။"
Just,ယာံဗၞတ်,"(adv) just, about."
Just as,အကြိုက်,"(adv) exactly as, the same as, just as."
Just as,အယာံမာတ်,"(adv.) just as, while.(n) measure, suitable quantity. [id] ကြိုက်၊ မာတ်ရ။"
Just as beautiful as her sister,အကြိုက်,အကြိုက်ညံၚ်ရဴၝဲဍေံဂေါဝ်ဆာဲ (adv) just as beautiful as her sister.
Just as he opened his eyes,အကြိုက်,အကြိုက်ညံၚ်ညးမမၠာ်မတ် (adv) just as he opened his eyes.
Just as the buddha loved all creatures,ဆာန်,"ညံၚ်ရဴကျာ်ဆာန်သတ်တံဂှ် မၞးလေဝ်ဒးဆာန်ဂကူမၞးဏောၚ် (v) just as the Buddha loved all creatures, so you too should love your neighbours."
Just as the buddha loved all creatures,ညံၚ်ရဴ,"ညံၚ်ရဴကျာ်ဆာန်သတ်တံဂှ် မၞးလေဝ်သ္ဒးဆာန်ဂကူမၞးဏောၚ် (prep.) just as the Buddha loved all creatures, so you too, should love your neighbours."
Just as the buddha loved all creatures,လေ,"ညံၚ်ရဴကျာ်ဆာန်သတ်တံဂှ်ဗှ်ေလေသ္ဒးဆာန်ဂကူဗှ်ေဏောၚ် (pn) just as the Buddha loved all creatures, so you, too, should love your neighbours. Sometimes merely oppositive, marking newly introduced subject of discourse."
Just as the buddha loved all creatures,လေဝ်,"ညံၚ်ရဴကျာ်ဆာန်သတ်တံဂှ်ဗှ်ေလေဝ်သ္ဒးဆာန်ဂကူဗှ်ေဏောၚ် (pn) just as the Buddha loved all creatures, so you too, should love your neighbous. Sometimes merely oppositive, marking newly introduced subject or discourse."
Just below.  on a lower level just below,ဒစိဟ်ဂှ်,"(adv) just below. (prep.) on a lower level just below, next."
Just beyond one’s reach,ကၠာစိုပ်ကဵုဟွံစိုပ်,(adv) just beyond one’s reach.
Just enough,ဆၜိုတ်ဒးရး,"(adv) just enough, passably, tolerably."
Just give me a light,ကဵုဍေန်ၜံက်မွဲတဲ,"(v) just give me a light, will you?"
Just make both ends meet,ဂွံအာစအာ,(adv) just make both ends meet.
Just on time,ဒးဖစပ်,"(v) to be exactly right, to be timely, just on time, be opportune, just right. [id] ကရိုက်။"
Just on time,ဗစပ်,"1 (v) to touch, be touching, to join, to bring together. [id] ဗ္စပ်။    ဒးဗ္စပ် (v) to be exactly right, just on time, to be opportune. [Cf] စုက်၊ စိပ်၊ ဍာပ်၊ ဒိ၊ ဒး၊ ဒွံ(အ်)။    [Der]   စပ် (v) to touch."
Just on time,သ္ဒးဖ္စပ်,"(v) to be exactly right, just on time."
Just right,ကရိုက်,"(n) suitability, fit exact capacity, exactitude, just right."
Just right,ဒးဗီု,"1 (v) to be according to specification, to be according to pattern, just right."
Just right.  ကရိုက်။,ဒးဖစပ်,"(v) to be exactly right, to be timely, just on time, be opportune, just right. [id] ကရိုက်။"
Just smokes opium.  ခမးခမး  to be useless.  သၟးသၟး။,ခမး,"မွဲသာ်ရောဟွံကၠောန်စ ဇြောတ်ဘိၚ်သၟး (v) he does not work at all, just smokes opium. [Der.] ခမးခမး (v) to be useless. [id] သၟးသၟး။"
Just try this one on.  ဂၠာံ၊ ဒွံ။,စံၜတ်,လ္တက်ရံၚ်ဣဏံညိစံ(မ်) (v) just try this one on. [Cf.] ဂၠာံ(မ်)၊ ဒွံ(အ်)။
Just two of them     ဗဓဝ်  to arrange in a straight line,ဓဝ်,"2 (v) to be direct, directly opposite, in the centre, to be exact, precise, no more than.    အာဓဝ်ဓဝ် (v) go straight on.    တဴဒၟံၚ်ဓဝ်ကဵုသ္ၚိပိုဲ (v) it is directly opposite our house.    တ္ၚဲတဴဓဝ် (n) time when sun is directly overhead, midday.    ဗြဲကျာဓဝ်ယာ (v) normal climate, normal weather.     ဗြဲဂူဓဝ်ယာ (v) have normal rain.    ဗြဲဍာ်ဓဝ်ယာ(v) normal rainfall.    မွဲဓဝ် (n) alone, only one.    ရိုက်သ္ၚုဂမၠိုၚ်မွဲဗ္ၜတ်ဓဝ်ဟွံသေၚ် (v) rice-bags are not all the same size.    ဟီုဓဝ်ဓဝ် (v) tell me exactly.    သီုဖအိုတ်ဟွံသေၚ် ၜါဓဝ်ညိကွေံ (v) not at all, just two of them    [Der.] ဗဓဝ် (v) to arrange in a straight line."
Just when one is mentioning it,ဃောဟီုဃောဂး,(adj) just when one is mentioning it.
Justice hall,မုက်ရုၚ်,(n) justice hall.
Justification.  တၚ်မသ္ကဵုပြာကတ်။,ဒဒှ်မသ္ကဵုပြာကတ်မာန်ဒဒှ်မဒှ်ဍာံဍာံ,(n) justification. [id] တၚ်မသ္ကဵုပြာကတ်။
Justly,ဗဗွဲဓဝ်,"(adv) justly, legally, righteously. [id] ဗွဲဓဝ်၊ နဒဒှ်ဗဗွဲဓဝ်၊ နဒဒှ်မစှေ်ကဵုဗဗွဲဓဝ်။"
Justly,ဗွဲဓဝ်,"(adv) justly, righteously."
Jusus,ဂျေရှု,(n) [Eng.] Jusus.
Jute,ကာန်,"1 (n) flax, jute, gunny.    တၞံကာန် (n) flax, jute.    ယာတ်ကာန် (n) linen.    ရိုက်ကာန် (n) gunny-bag."
Jute,ဇုက်ကာန်,"(n) jute, fibre from the outer skin of certain tropical plants."
Jute.    ယာတ်ကာန်  linen.    ရိုက်ကာန်  gunny-bag,ကာန်,"1 (n) flax, jute, gunny.    တၞံကာန် (n) flax, jute.    ယာတ်ကာန် (n) linen.    ရိုက်ကာန် (n) gunny-bag."
Juvenile delinquent,အတဵု,"(n) delinquent, juvenile delinquent, person who fails to do this duty."
